,ticker,momentum,value,overall,company
0,A,0.5592452830188679,0.2439516129032258,0.4015984479610468,Agilent Technologies Inc.
1,AAL,0.4430188679245283,0.7222782258064516,0.58264854686549,American Airlines Group Inc
2,AAP,0.7166037735849057,0.6397849462365591,0.6781943599107324,Advance Auto Parts Inc
3,AAPL,0.5335849056603773,0.3074596774193548,0.4205222915398661,Apple Inc
4,ABBV,0.4626415094339622,0.5068884408602151,0.48476497514708866,Abbvie Inc
5,ABC,0.4222641509433962,0.698252688172043,0.5602584195577196,Amerisource Bergen Corp.
6,ABMD,0.2705660377358491,0.1760752688172043,0.2233206532765267,Abiomed Inc.
7,ABT,0.4535849056603773,0.4042338709677419,0.42890938831405956,Abbott Laboratories
8,ACN,0.6320754716981132,0.3274529569892473,0.4797642143436802,Accenture plc
9,ADBE,0.6471698113207547,0.1381048387096774,0.39263732501521603,Adobe Inc
10,ADI,0.5773584905660377,0.2523521505376344,0.41485532055183605,Analog Devices Inc.
11,ADM,0.3856603773584905,0.7273185483870968,0.5564894628727937,Archer Daniels Midland Co.
12,ADP,0.58,0.3793682795698924,0.4796841397849462,Automatic Data Processing Inc.
13,ADSK,0.4694339622641509,0.2135416666666666,0.34148781446540877,Autodesk Inc.
14,AEE,0.3554716981132075,0.5411626344086021,0.4483171662609048,Ameren Corp.
15,AEP,0.3996226415094339,0.5900537634408602,0.4948382024751471,American Electric Power Company Inc.
16,AES,0.4154716981132075,0.5346102150537635,0.4750409565834855,AES Corp.
17,AFL,0.4833962264150943,0.734375,0.6088856132075471,Aflac Inc.
18,AIG,0.48,0.8098118279569892,0.6449059139784946,American International Group Inc
19,AIV,0.539622641509434,0.4417002688172043,0.49066145516331916,Apartment Investment & Management Co.
20,AIZ,0.4988679245283018,0.8151881720430108,0.6570280482856563,Assurant Inc
21,AJG,0.4943396226415094,0.4343077956989247,0.46432370917021704,Arthur J. Gallagher & Co.
22,AKAM,0.4690566037735849,0.356518817204301,0.4127877104889429,Akamai Technologies Inc
23,ALB,0.4577358490566038,0.4022177419354839,0.42997679549604384,Albemarle Corp.
24,ALGN,0.5128301886792452,0.29502688172043,0.4039285351998376,"Align Technology, Inc."
25,ALK,0.3554716981132075,0.7350470430107527,0.5452593705619802,Alaska Air Group Inc.
26,ALL,0.5932075471698114,0.8402217741935484,0.7167146606816799,Allstate Corp (The)
27,ALLE,0.5683018867924529,0.2953629032258064,0.4318323950091296,Allegion plc
28,ALXN,0.5528301886792453,0.4526209677419355,0.5027255782105904,Alexion Pharmaceuticals Inc.
29,AMAT,0.6116981132075472,0.387768817204301,0.4997334652059241,Applied Materials Inc.
30,AMCR,0.3856603773584905,0.6102150537634409,0.49793771556096567,Amcor Plc
31,AMD,0.6256603773584906,0.2748655913978494,0.45026298437817,Advanced Micro Devices Inc.
32,AME,0.4486792452830189,0.4304435483870967,0.4395613968350578,Ametek Inc
33,AMGN,0.4875471698113207,0.4826948924731182,0.48512103114221944,AMGEN Inc.
34,AMP,0.4886792452830188,0.3597110215053763,0.42419513339419757,Ameriprise Financial Inc
35,AMT,0.5113207547169811,0.158266129032258,0.33479344187461957,American Tower Corp.
36,AMZN,0.3875471698113207,0.4012096774193548,0.39437842361533776,Amazon.com Inc.
37,ANET,0.5113207547169811,0.3168682795698925,0.4140945171434368,Arista Networks Inc
38,ANSS,0.400377358490566,0.1088709677419354,0.2546241631162507,Ansys Inc.
39,ANTM,0.5777358490566038,0.6303763440860215,0.6040560965713127,Anthem Inc
40,AOS,0.5013359449952031,0.3568548387096774,0.4290953918524402,A.O. Smith Corp.
41,APA,0.6732075471698113,0.481518817204301,0.5773631821870562,APA Corporation
42,APD,0.5845283018867925,0.5171370967741936,0.5508326993304931,Air Products & Chemicals Inc.
43,APH,0.3698113207547169,0.3440860215053763,0.3569486711300466,Amphenol Corp.
44,APTV,0.4249056603773585,0.4440524193548387,0.4344790398660986,Aptiv PLC
45,ARE,0.5886792452830188,0.3684475806451612,0.47856341296409,Alexandria Real Estate Equities Inc.
46,ATO,0.4373584905660377,0.5838373655913979,0.5105979280787178,Atmos Energy Corp.
47,ATVI,0.3762264150943396,0.4173387096774194,0.3967825623858795,Activision Blizzard Inc
48,AVB,0.4286792452830189,0.2494959677419355,0.33908760651247716,Avalonbay Communities Inc.
49,AVGO,0.5935849056603774,0.3487903225806451,0.47118761412051124,Broadcom Inc
50,AVY,0.3683018867924528,0.4665658602150537,0.41743387350375327,Avery Dennison Corp.
51,AWK,0.5218867924528302,0.3091397849462365,0.41551328869953336,American Water Works Co. Inc.
52,AXP,0.3716981132075471,0.4921034946236559,0.4319008039156015,American Express Co.
53,AZO,0.7094339622641509,0.5366263440860215,0.6230301531750861,Autozone Inc.
54,BA,0.6950943396226416,0.5314180107526882,0.6132561751876648,Boeing Co.
55,BAC,0.4215094339622641,0.6090389784946236,0.5152742062284439,Bank Of America Corp.
56,BAX,0.6018867924528302,0.4944556451612903,0.5481712188070602,Baxter International Inc.
57,BBY,0.3626415094339622,0.7384072580645161,0.5505243837492392,Best Buy Co. Inc.
58,BDX,0.4947169811320754,0.5500672043010753,0.5223920927165753,"Becton, Dickinson And Co."
59,BEN,0.3532075471698113,0.5519153225806452,0.45256143487522826,"Franklin Resources, Inc."
60,BF.B,0.5211320754716982,0.1646505376344086,0.3428913065530534,Brown-Forman Corp.
61,BIIB,0.3528301886792453,0.4501008064516129,0.4014654975654291,Biogen Inc
62,BIO,0.649433962264151,0.4796706989247312,0.5645523305944411,Bio-Rad Laboratories Inc.
63,BK,0.5452830188679245,0.6693548387096774,0.607318928788801,Bank Of New York Mellon Corp
64,BKNG,0.5924528301886792,0.3198924731182795,0.45617265165347937,Booking Holdings Inc
65,BLK,0.3113207547169811,0.3860887096774194,0.3487047321972002,Blackrock Inc.
66,BLL,0.5013359449952031,0.5655241935483871,0.533430069271795,Ball Corp.
67,BMY,0.6196226415094339,0.5913978494623656,0.6055102454858998,Bristol-Myers Squibb Co.
68,BR,0.3630188679245283,0.3316532258064516,0.34733604686548997,"Broadridge Financial Solutions, Inc."
69,BSX,0.4064150943396226,0.4811827956989247,0.44379894501927364,Boston Scientific Corp.
70,BWA,0.4732075471698113,0.7505040322580645,0.6118557897139378,BorgWarner Inc
71,BXP,0.5013359449952031,0.4139784946236559,0.45765721980942947,"Boston Properties, Inc."
72,C,0.4754716981132075,0.6918682795698925,0.58366998884155,Citigroup Inc
73,CAG,0.4335849056603773,0.693380376344086,0.5634826410022317,Conagra Brands Inc
74,CAH,0.5369811320754717,0.7399193548387096,0.6384502434570907,"Cardinal Health, Inc."
75,CARR,0.4671698113207547,0.3899529569892473,0.428561384155001,Carrier Global Corp
76,CAT,0.3335849056603773,0.563508064516129,0.4485464850882531,Caterpillar Inc.
77,CB,0.4177358490566037,0.7363911290322581,0.5770634890444309,Chubb Limited
78,CBOE,0.6830188679245283,0.398521505376344,0.5407701866504362,Cboe Global Markets Inc.
79,CBRE,0.4075471698113208,0.6122311827956989,0.5098891763035098,CBRE Group Inc
80,CCI,0.4015094339622641,0.1696908602150537,0.2856001470886589,Crown Castle International Corp
81,CCL,0.6539622641509434,0.5015120967741935,0.5777371804625684,Carnival Corp.
82,CDNS,0.5441509433962264,0.3188844086021505,0.43151767599918844,"Cadence Design Systems, Inc."
83,CDW,0.500754716981132,0.4650537634408602,0.4829042402109961,CDW Corp
84,CE,0.3999999999999999,0.5433467741935484,0.47167338709677414,Celanese Corp
85,CERN,0.5022641509433963,0.4107862903225806,0.45652522063298845,Cerner Corp.
86,CF,0.560377358490566,0.607358870967742,0.583868114729154,CF Industries Holdings Inc
87,CFG,0.5022641509433962,0.6323924731182796,0.5673283120308379,Citizens Financial Group Inc
88,CHD,0.3728301886792453,0.450268817204301,0.41154950294177317,"Church & Dwight Co., Inc."
89,CHRW,0.5347169811320754,0.575268817204301,0.5549928991681883,"C.H. Robinson Worldwide, Inc."
90,CHTR,0.5052830188679245,0.5068884408602151,0.5060857298640697,Charter Communications Inc.
91,CI,0.3909433962264151,0.8375336021505376,0.6142384991884764,Cigna Corp.
92,CINF,0.4366037735849056,0.746135752688172,0.5913697631365388,Cincinnati Financial Corp.
93,CL,0.6384905660377359,0.3417338709677419,0.4901122185027389,Colgate-Palmolive Co.
94,CLX,0.3890566037735848,0.459005376344086,0.4240309900588354,Clorox Co.
95,CMA,0.6181132075471698,0.5446908602150538,0.5814020338811118,"Comerica, Inc."
96,CMCSA,0.409811320754717,0.5505712365591398,0.48019127865692834,Comcast Corp
97,CME,0.3581132075471698,0.3709677419354839,0.36454047474132684,CME Group Inc
98,CMG,0.5003773584905661,0.2254704301075268,0.3629238942990464,Chipotle Mexican Grill
99,CMI,0.5218867924528302,0.7081653225806451,0.6150260575167377,Cummins Inc.
100,CMS,0.4830188679245283,0.587869623655914,0.5354442457902211,CMS Energy Corporation
101,CNC,0.5750943396226414,0.7841061827956989,0.6796002612091702,Centene Corp.
102,CNP,0.3667924528301887,0.6176075268817205,0.4921999898559546,Centerpoint Energy Inc.
103,COF,0.3633962264150943,0.7155577956989247,0.5394770110570095,Capital One Financial Corp.
104,COG,0.6369811320754717,0.6394489247311828,0.6382150284033272,Cabot Oil & Gas Corp.
105,COO,0.4679245283018868,0.3581989247311828,0.41306172651653483,"Cooper Companies, Inc."
106,COP,0.6328301886792452,0.6748991935483871,0.6538646911138162,Conoco Phillips
107,COST,0.5645283018867925,0.5346102150537635,0.549569258470278,Costco Wholesale Corp
108,COTY,0.4807547169811321,0.461021505376344,0.4708881111787381,Coty Inc
109,CPB,0.7705660377358491,0.6838037634408602,0.7271849005883546,Campbell Soup Co.
110,CPRT,0.5415094339622641,0.2678091397849462,0.4046592868736052,"Copart, Inc."
111,CRM,0.5913207547169811,0.3884408602150537,0.48988080746601737,Salesforce.Com Inc
112,CSCO,0.3075471698113207,0.5626680107526882,0.43510759028200446,"Cisco Systems, Inc."
113,CSX,0.6086792452830189,0.779233870967742,0.6939565581253804,CSX Corp.
114,CTAS,0.4377358490566038,0.2311827956989247,0.3344593223777642,Cintas Corporation
115,CTSH,0.5018867924528302,0.7600806451612903,0.6309837188070602,Cognizant Technology Solutions Corp.
116,CTVA,0.2018867924528302,0.6292002688172043,0.41554353063501726,Corteva Inc
117,CTXS,0.6411320754716981,0.4465725806451613,0.5438523280584298,"Citrix Systems, Inc."
118,CVS,0.3173584905660377,0.7631048387096774,0.5402316646378575,CVS Health Corp
119,CVX,0.3826415094339622,0.6834677419354839,0.5330546256847231,Chevron Corp.
120,CXO,0.2920754716981132,0.6313844086021505,0.46172994015013186,Concho Resources Inc
121,D,0.5158490566037736,0.6063508064516129,0.5610999315276932,Dominion Energy Inc
122,DAL,0.5086792452830189,0.6401209677419355,0.5744001065124772,"Delta Air Lines, Inc."
123,DE,0.7916981132075471,0.5448588709677419,0.6682784920876446,Deere & Co.
124,DFS,0.34,0.5346102150537635,0.4373051075268818,Discover Financial Services
125,DG,0.3573584905660377,0.6108870967741935,0.48412279367011557,Dollar General Corp.
126,DGX,0.5013359449952031,0.7318548387096774,0.6165953918524403,"Quest Diagnostics, Inc."
127,DHI,0.4856603773584905,0.7207661290322581,0.6032132531953743,D.R. Horton Inc.
128,DHR,0.6490566037735849,0.2681451612903225,0.4586008825319537,Danaher Corp.
129,DIS,0.4611320754716981,0.4032258064516129,0.4321789409616555,Walt Disney Co (The)
130,DISCA,0.4509433962264151,0.8287970430107527,0.6398702196185839,Discovery Inc
131,DISH,0.4135849056603773,0.798891129032258,0.6062380173463177,Dish Network Corp
132,DLR,0.5796226415094339,0.4543010752688172,0.5169618583891256,Digital Realty Trust Inc
133,DLTR,0.3683018867924528,0.7916666666666666,0.5799842767295598,Dollar Tree Inc
134,DOV,0.4037735849056603,0.5709005376344086,0.48733706127003446,Dover Corp.
135,DOW,0.5013359449952031,0.595766129032258,0.5485510370137305,Dow Inc
136,DPZ,0.5784905660377359,0.3230846774193548,0.45078762172854536,Dominos Pizza Inc
137,DRE,0.3935849056603773,0.3884408602150537,0.3910128829377155,Duke Realty Corp
138,DRI,0.2988679245283018,0.367271505376344,0.3330697149523229,"Darden Restaurants, Inc."
139,DTE,0.5856603773584905,0.6809475806451613,0.6333039790018259,DTE Energy Co.
140,DUK,0.460377358490566,0.6061827956989247,0.5332800770947453,Duke Energy Corp.
141,DVA,0.6026415094339622,0.4763104838709677,0.5394759966524649,DaVita Inc
142,DVN,0.4720754716981132,0.4060819892473118,0.4390787304727125,Devon Energy Corp.
143,DXC,0.6558490566037736,0.728494623655914,0.6921718401298438,DXC Technology Co
144,DXCM,0.2169811320754717,0.228494623655914,0.22273787786569285,Dexcom Inc
145,EA,0.4064150943396226,0.4356518817204301,0.4210334880300264,"Electronic Arts, Inc."
146,EBAY,0.4792452830188679,0.454133064516129,0.4666891737674984,EBay Inc.
147,ECL,0.689811320754717,0.4050739247311828,0.5474426227429499,"Ecolab, Inc."
148,ED,0.7679245283018867,0.7389112903225806,0.7534179093122337,"Consolidated Edison, Inc."
149,EFX,0.4532075471698113,0.2921706989247312,0.37268912304727125,"Equifax, Inc."
150,EIX,0.3392452830188679,0.7960349462365591,0.5676401146277135,Edison International
151,EL,0.6950943396226416,0.197244623655914,0.4461694816392778,"Estee Lauder Cos., Inc."
152,EMN,0.3494339622641509,0.6218077956989247,0.48562087898153783,Eastman Chemical Co
153,EMR,0.3113207547169811,0.3731518817204301,0.3422363182187056,Emerson Electric Co.
154,EOG,0.6320754716981132,0.5762768817204301,0.6041761767092717,"EOG Resources, Inc."
155,EQIX,0.3992452830188679,0.4027217741935484,0.4009835286062081,Equinix Inc
156,EQR,0.6075471698113207,0.3723118279569892,0.48992949888415493,Equity Residential Properties Trust
157,ES,0.4494339622641509,0.5919018817204301,0.5206679219922905,Eversource Energy
158,ESS,0.5558490566037736,0.3491263440860215,0.45248770034489755,"Essex Property Trust, Inc."
159,ETN,0.7233962264150944,0.5119287634408602,0.6176624949279773,Eaton Corporation plc
160,ETR,0.4441509433962264,0.6832997311827957,0.563725337289511,Entergy Corp.
161,EW,0.5532075471698112,0.3817204301075269,0.46746398863866906,Edwards Lifesciences Corp
162,EXC,0.3124528301886792,0.7733534946236559,0.5429031624061675,Exelon Corp.
163,EXPD,0.5649056603773585,0.4726142473118279,0.5187599538445932,"Expeditors International Of Washington, Inc."
164,EXPE,0.5013359449952031,0.3040994623655914,0.4027177036803972,Expedia Group Inc
165,EXR,0.6313207547169811,0.1584341397849462,0.39487744725096363,Extra Space Storage Inc.
166,F,0.3396226415094339,0.7417674731182795,0.5406950573138567,Ford Motor Co.
167,FANG,0.5013359449952031,0.4904233870967742,0.49587966604598865,Diamondback Energy Inc
168,FAST,0.6622641509433962,0.2629368279569892,0.4626004894501927,Fastenal Co.
169,FB,0.4090566037735849,0.3368615591397849,0.3729590814566849,Facebook Inc
170,FBHS,0.7018867924528301,0.5026881720430108,0.6022874822479205,Fortune Brands Home & Security Inc
171,FCX,0.4460377358490566,0.4658938172043011,0.45596577652667886,Freeport-McMoRan Inc
172,FDX,0.6867924528301886,0.7442876344086022,0.7155400436193955,Fedex Corp
173,FE,0.569811320754717,0.6266801075268817,0.5982457141407993,Firstenergy Corp.
174,FFIV,0.8026415094339623,0.5364583333333334,0.6695499213836478,"F5 Networks, Inc."
175,FIS,0.4622641509433962,0.4383400537634409,0.4503021023534185,"Fidelity National Information Services, Inc."
176,FISV,0.7369811320754717,0.620127688172043,0.6785544101237573,"Fiserv, Inc."
177,FITB,0.4094339622641509,0.6066868279569892,0.5080603951105701,Fifth Third Bancorp
178,FLS,0.5286792452830188,0.651377688172043,0.5900284667275308,Flowserve Corp.
179,FLT,0.6003773584905661,0.4919354838709677,0.5461564211807669,Fleetcor Technologies Inc
180,FMC,0.4471698113207547,0.5509072580645161,0.49903853469263537,FMC Corp.
181,FOXA,0.4030188679245283,0.6754032258064516,0.5392110468654899,Fox Corporation
182,FRT,0.3592452830188679,0.3219086021505376,0.3405769425847027,Federal Realty Investment Trust
183,FTI,0.2928301886792453,0.8961693548387097,0.5944997717589775,TechnipFMC plc
184,FTNT,0.5041509433962265,0.0823252688172043,0.29323810610671536,Fortinet Inc
185,FTV,0.5013359449952031,0.486391129032258,0.49386353701373054,Fortive Corp
186,GD,0.3709433962264151,0.7169018817204301,0.5439226389734226,General Dynamics Corp.
187,GE,0.2652830188679245,0.5490591397849462,0.40717107932643537,General Electric Co.
188,GILD,0.260377358490566,0.6959005376344086,0.4781389480624873,"Gilead Sciences, Inc."
189,GIS,0.5013359449952031,0.5967741935483871,0.549055069271795,"General Mills, Inc."
190,GL,0.4788679245283019,0.6955645161290323,0.587216220328667,Globe Life Inc
191,GLW,0.5013359449952031,0.5544354838709677,0.5278857144330854,"Corning, Inc."
192,GM,0.5811320754716981,0.7780577956989247,0.6795949355853115,General Motors Company
193,GOOGL,0.4618867924528302,0.3287970430107527,0.39534191773179145,Alphabet Inc
194,GPC,0.7471698113207547,0.6917002688172043,0.7194350400689795,Genuine Parts Co.
195,GPN,0.3320754716981132,0.359375,0.34572523584905657,"Global Payments, Inc."
196,GPS,0.510188679245283,0.6011424731182795,0.5556655761817813,"Gap, Inc."
197,GRMN,0.4932075471698113,0.2926747311827957,0.39294113917630347,Garmin Ltd
198,GS,0.5052830188679245,0.7258064516129032,0.6155447352404139,"Goldman Sachs Group, Inc."
199,GWW,0.3524528301886792,0.4235551075268817,0.38800396885778043,W.W. Grainger Inc.
200,HAL,0.3732075471698113,0.5761088709677419,0.4746582090687766,Halliburton Co.
201,HAS,0.4471698113207547,0.6858198924731183,0.5664948518969365,"Hasbro, Inc."
202,HBAN,0.3694339622641509,0.6118951612903226,0.4906645617772367,"Huntington Bancshares, Inc."
203,HBI,0.5013359449952031,0.5394825268817204,0.5204092359384618,Hanesbrands Inc
204,HCA,0.6083018867924528,0.5477150537634409,0.5780084702779469,HCA Healthcare Inc
205,HD,0.6343396226415094,0.4690860215053763,0.5517128220734429,"Home Depot, Inc."
206,HES,0.3094339622641509,0.4304435483870967,0.3699387553256238,Hess Corporation
207,HFC,0.6683018867924528,0.838877688172043,0.7535897874822479,HollyFrontier Corp
208,HIG,0.5969811320754717,0.8976814516129032,0.7473312918441875,Hartford Financial Services Group Inc.
209,HII,0.6256603773584906,0.6110551075268817,0.6183577424426862,Huntington Ingalls Industries Inc
210,HLT,0.5094339622641509,0.162130376344086,0.33578216930411847,Hilton Worldwide Holdings Inc
211,HOLX,0.6864150943396227,0.6898521505376344,0.6881336224386285,"Hologic, Inc."
212,HON,0.4362264150943396,0.4504368279569892,0.4433316215256644,Honeywell International Inc
213,HPE,0.430566037735849,0.8237567204301075,0.6271613790829782,Hewlett Packard Enterprise Co
214,HPQ,0.4132075471698113,0.6468413978494624,0.5300244725096368,HP Inc
215,HRB,0.6652830188679245,0.6738911290322581,0.6695870739500913,H&R Block Inc.
216,HRL,0.5479245283018868,0.664986559139785,0.6064555437208359,Hormel Foods Corp.
217,HSIC,0.6969811320754717,0.7686491935483871,0.7328151628119295,Henry Schein Inc.
218,HST,0.3230188679245283,0.3030913978494624,0.3130551328869953,Host Hotels & Resorts Inc
219,HSY,0.4486792452830189,0.3462701612903225,0.39747470328667067,Hershey Company
220,HUM,0.520377358490566,0.7145497311827956,0.6174635448366808,Humana Inc.
221,HWM,0.4690566037735849,0.4578293010752688,0.46344295242442685,Howmet Aerospace Inc
222,IBM,0.4339622641509434,0.6144153225806451,0.5241887933657943,International Business Machines Corp.
223,ICE,0.4347169811320754,0.3082997311827957,0.37150835615743555,Intercontinental Exchange Inc
224,IDXX,0.3890566037735849,0.0672043010752688,0.22813045242442687,"Idexx Laboratories, Inc."
225,IEX,0.5120754716981132,0.4635416666666666,0.4878085691823899,Idex Corporation
226,IFF,0.5271698113207547,0.459005376344086,0.49308759383242035,International Flavors & Fragrances Inc.
227,ILMN,0.3784905660377358,0.2184139784946236,0.2984522722661797,Illumina Inc
228,INCY,0.4509433962264151,0.3938172043010753,0.4223803002637452,Incyte Corp.
229,INFO,0.4249056603773585,0.3161962365591398,0.37055094846824915,IHS Markit Ltd
230,INTC,0.5381132075471698,0.7439516129032259,0.6410324102251979,Intel Corp.
231,INTU,0.589811320754717,0.1854838709677419,0.38764759586122943,Intuit Inc
232,IP,0.6135849056603774,0.5952620967741936,0.6044235012172855,International Paper Co.
233,IPG,0.4122641509433962,0.635752688172043,0.5240084195577196,"Interpublic Group Of Cos., Inc."
234,IPGP,0.4403773584905661,0.3571908602150537,0.3987841093528099,IPG Photonics Corp
235,IQV,0.7124528301886792,0.3279569892473118,0.5202049097179955,IQVIA Holdings Inc
236,IR,0.4460377358490566,0.436491935483871,0.4412648356664638,Ingersoll-Rand Inc
237,IRM,0.54,0.3158602150537634,0.4279301075268817,Iron Mountain Inc.
238,ISRG,0.560754716981132,0.2368951612903226,0.3988249391357273,Intuitive Surgical Inc
239,IT,0.3622641509433962,0.2073252688172043,0.28479470988030026,"Gartner, Inc."
240,ITW,0.6392452830188678,0.410114247311828,0.5246797651653479,"Illinois Tool Works, Inc."
241,IVZ,0.3650943396226415,0.5658602150537635,0.4654772773382025,Invesco Ltd
242,JBHT,0.6664150943396226,0.4983198924731183,0.5823674934063705,"J.B. Hunt Transport Services, Inc."
243,JCI,0.5467924528301886,0.5660282258064516,0.5564103393183202,Johnson Controls International plc
244,JKHY,0.6211320754716981,0.302755376344086,0.46194372590789207,"Jack Henry & Associates, Inc."
245,JNJ,0.3381132075471698,0.5535954301075269,0.44585431882734833,Johnson & Johnson
246,JNPR,0.6396226415094339,0.671875,0.655748820754717,Juniper Networks Inc
247,JPM,0.4513207547169811,0.6073588709677419,0.5293398128423614,JPMorgan Chase & Co.
248,K,0.5449056603773584,0.586861559139785,0.5658836097585718,Kellogg Co
249,KEY,0.6441509433962264,0.7241263440860215,0.6841386437411239,Keycorp
250,KEYS,0.7607547169811321,0.2951948924731183,0.5279748047271252,Keysight Technologies Inc
251,KHC,0.4260377358490566,0.7096774193548386,0.5678575776019477,Kraft Heinz Co
252,KIM,0.4067924528301887,0.3744959677419355,0.3906442102860621,Kimco Realty Corp.
253,KLAC,0.5013359449952031,0.2899865591397849,0.395661252067494,KLA Corp.
254,KMB,0.5184905660377358,0.6317204301075269,0.5751054980726313,Kimberly-Clark Corp.
255,KMI,0.7022641509433962,0.533266129032258,0.6177651399878271,Kinder Morgan Inc
256,KMX,0.4196226415094339,0.688508064516129,0.5540653530127815,Carmax Inc
257,KO,0.470566037735849,0.4428763440860215,0.4567211909109352,Coca-Cola Co
258,KR,0.5064150943396226,0.7631048387096774,0.6347599665246499,Kroger Co.
259,KSS,0.5116981132075472,0.7195900537634409,0.615644083485494,Kohl`s Corp.
260,KSU,0.4275471698113207,0.2074932795698924,0.31752022469060653,Kansas City Southern
261,LB,0.4539622641509434,0.5386424731182795,0.4963023686346114,L Brands Inc
262,LDOS,0.4864150943396226,0.6940524193548387,0.5902337568472307,Leidos Holdings Inc
263,LEG,0.4581132075471698,0.6604502688172043,0.5592817381821871,"Leggett & Platt, Inc."
264,LEN,0.5181132075471698,0.712869623655914,0.6154914156015419,Lennar Corp.
265,LH,0.3947169811320755,0.6947244623655914,0.5447207217488335,Laboratory Corp. Of America Holdings
266,LHX,0.4622641509433962,0.688508064516129,0.5753861077297626,L3Harris Technologies Inc
267,LIN,0.6441509433962264,0.3257728494623655,0.48496189642929594,Linde Plc
268,LKQ,0.5486792452830189,0.5861895161290323,0.5674343807060256,LKQ Corp
269,LLY,0.4215094339622641,0.1488575268817204,0.28518348042199226,Lilly(Eli) & Co
270,LMT,0.4747169811320754,0.5915658602150538,0.5331414206735645,Lockheed Martin Corp.
271,LNC,0.6169811320754717,0.6502016129032258,0.6335913724893487,Lincoln National Corp.
272,LNT,0.4947169811320755,0.5944220430107527,0.5445695120714141,Alliant Energy Corp.
273,LOW,0.5013359449952031,0.542002688172043,0.521669316583623,"Lowe`s Cos., Inc."
274,LRCX,0.7784905660377358,0.336021505376344,0.55725603570704,Lam Research Corp.
275,LUV,0.3966037735849056,0.6387768817204301,0.5176903276526679,Southwest Airlines Co
276,LVS,0.5415094339622641,0.239247311827957,0.39037837289511057,Las Vegas Sands Corp
277,LW,0.4845283018867924,0.5211693548387097,0.502848828362751,Lamb Weston Holdings Inc
278,LYB,0.5928301886792453,0.7180779569892473,0.6554540728342463,LyondellBasell Industries NV
279,LYV,0.5037735849056604,0.3165322580645161,0.41015292148508825,Live Nation Entertainment Inc
280,MA,0.4664150943396226,0.2805779569892473,0.3734965256644349,Mastercard Incorporated
281,MAA,0.7154716981132075,0.3713037634408602,0.5433877307770338,"Mid-America Apartment Communities, Inc."
282,MAR,0.6943396226415094,0.2967069892473118,0.49552330594441063,"Marriott International, Inc."
283,MAS,0.4233962264150943,0.6177755376344086,0.5205858820247514,Masco Corp.
284,MCD,0.5928301886792453,0.3894489247311828,0.49113955670521403,McDonald`s Corp
285,MCHP,0.4520754716981132,0.4663978494623656,0.4592366605802394,"Microchip Technology, Inc."
286,MCK,0.5177358490566037,0.7409274193548387,0.6293316342057212,Mckesson Corporation
287,MCO,0.4822641509433962,0.1797715053763441,0.33101782815987013,Moody`s Corp.
288,MDLZ,0.34,0.4660618279569892,0.4030309139784946,Mondelez International Inc.
289,MDT,0.2618867924528302,0.5124327956989247,0.3871597940758775,Medtronic Plc
290,MET,0.3935849056603773,0.8373655913978495,0.6154752485291134,Metlife Inc
291,MGM,0.4339622641509434,0.3424059139784946,0.388184089064719,MGM Resorts International
292,MHK,0.5611320754716981,0.7205981182795699,0.640865096875634,"Mohawk Industries, Inc."
293,MKC,0.3909433962264151,0.3971774193548387,0.3940604077906269,"McCormick & Co., Inc."
294,MKTX,0.5728301886792453,0.2258064516129032,0.39931832014607427,MarketAxess Holdings Inc.
295,MLM,0.4037735849056604,0.3847446236559139,0.39425910428078714,"Martin Marietta Materials, Inc."
296,MMC,0.3592452830188679,0.3622311827956989,0.36073823290728335,"Marsh & McLennan Cos., Inc."
297,MMM,0.4354716981132076,0.4257392473118279,0.4306054727125177,3M Co.
298,MNST,0.3324528301886792,0.3286290322580645,0.33054093122337186,Monster Beverage Corp.
299,MO,0.4830188679245283,0.5421706989247312,0.5125947834246298,Altria Group Inc.
300,MOS,0.6935849056603773,0.7012768817204301,0.6974308936904037,Mosaic Company
301,MPC,0.4335849056603773,0.6807795698924731,0.5571822377764252,Marathon Petroleum Corp
302,MRK,0.4166037735849056,0.5665322580645161,0.4915680158247109,Merck & Co Inc
303,MRO,0.4588679245283019,0.5374663978494624,0.49816716118888216,Marathon Oil Corporation
304,MS,0.659622641509434,0.5873655913978495,0.6234941164536417,Morgan Stanley
305,MSCI,0.5664150943396227,0.0883736559139784,0.32739437512680053,MSCI Inc
306,MSFT,0.3709433962264151,0.2587365591397849,0.3148399776831,Microsoft Corporation
307,MSI,0.3683018867924528,0.2543682795698925,0.31133508318117264,Motorola Solutions Inc
308,MTB,0.550566037735849,0.7657930107526882,0.6581795242442686,M & T Bank Corp
309,MTD,0.609056603773585,0.1011424731182795,0.35509953844593223,"Mettler-Toledo International, Inc."
310,MU,0.470188679245283,0.6280241935483871,0.5491064363968351,Micron Technology Inc.
311,MXIM,0.2856603773584905,0.2819220430107527,0.2837912101846216,"Maxim Integrated Products, Inc."
312,NCLH,0.470943396226415,0.4311155913978494,0.4510294938121322,Norwegian Cruise Line Holdings Ltd
313,NDAQ,0.4184905660377358,0.3524865591397849,0.38548856258876035,Nasdaq Inc
314,NEE,0.6305660377358491,0.3383736559139785,0.4844698468249138,NextEra Energy Inc
315,NEM,0.4218867924528302,0.6646505376344086,0.5432686650436194,Newmont Corp
316,NFLX,0.770188679245283,0.3830645161290322,0.5766265976871576,NetFlix Inc
317,NI,0.6690566037735849,0.7268145161290323,0.6979355599513086,Nisource Inc. (Holding Co.)
318,NKE,0.7094339622641509,0.3610551075268817,0.5352445348955163,"Nike, Inc."
319,NLSN,0.6162264150943396,0.698252688172043,0.6572395516331913,Nielsen Holdings plc
320,NOC,0.659622641509434,0.6332325268817204,0.6464275841955771,Northrop Grumman Corp.
321,NOV,0.3437735849056603,0.6678427419354839,0.5058081634205721,NOV Inc
322,NOW,0.530188679245283,0.3366935483870967,0.4334411138161899,ServiceNow Inc
323,NRG,0.3543396226415094,0.7513440860215054,0.5528418543315075,NRG Energy Inc.
324,NSC,0.5758490566037736,0.4737903225806452,0.5248196895922094,Norfolk Southern Corp.
325,NTAP,0.5013359449952031,0.4761424731182795,0.4887392090567413,Netapp Inc
326,NTRS,0.5013359449952031,0.5762768817204301,0.5388064133578165,Northern Trust Corp.
327,NUE,0.4018867924528302,0.6293682795698925,0.5156275360113614,Nucor Corp.
328,NVDA,0.5554716981132075,0.0688844086021505,0.312178053357679,NVIDIA Corp
329,NVR,0.3407547169811321,0.5613239247311828,0.4510393208561574,NVR Inc.
330,NWL,0.3667924528301887,0.6145833333333333,0.490687893081761,Newell Brands Inc
331,NWSA,0.5083018867924528,0.7847782258064516,0.6465400562994522,News Corp
332,O,0.3833962264150943,0.4724462365591397,0.427921231487117,Realty Income Corp.
333,ODFL,0.6849056603773584,0.2442876344086021,0.4645966473929803,"Old Dominion Freight Line, Inc."
334,OKE,0.5013359449952031,0.4432123655913978,0.4722741552933004,Oneok Inc.
335,OMC,0.3762264150943396,0.6478494623655914,0.5120379387299655,"Omnicom Group, Inc."
336,ORCL,0.5154716981132075,0.3030913978494624,0.4092815479813349,Oracle Corp.
337,ORLY,0.4275471698113207,0.4183467741935484,0.42294697200243453,"O`Reilly Automotive, Inc."
338,OTIS,0.4022641509433962,0.3788642473118279,0.39056419912761203,Otis Worldwide Corp
339,OXY,0.6169811320754717,0.5680443548387096,0.5925127434570907,Occidental Petroleum Corp.
340,PAYC,0.3769811320754717,0.334005376344086,0.35549325420977884,Paycom Software Inc
341,PAYX,0.6698113207547169,0.3118279569892473,0.4908196388719821,Paychex Inc.
342,PBCT,0.610943396226415,0.6354166666666666,0.6231800314465408,People`s United Financial Inc
343,PCAR,0.6490566037735849,0.7945228494623656,0.7217897266179752,Paccar Inc.
344,PEP,0.7762264150943397,0.4163306451612903,0.596278530127815,PepsiCo Inc
345,PFE,0.5328301886792453,0.5181451612903226,0.5254876749847839,Pfizer Inc.
346,PFG,0.4762264150943396,0.6838037634408602,0.5800150892675999,Principal Financial Group Inc
347,PG,0.5013359449952031,0.5154569892473119,0.5083964671212575,Procter & Gamble Co.
348,PGR,0.530188679245283,0.7111895161290323,0.6206890976871576,Progressive Corp.
349,PH,0.3818867924528302,0.4833669354838709,0.43262686396835054,Parker-Hannifin Corp.
350,PHM,0.5479245283018868,0.7002688172043011,0.6240966727530939,PulteGroup Inc
351,PKG,0.7615094339622641,0.6441532258064516,0.7028313298843578,Packaging Corp Of America
352,PKI,0.5483018867924528,0.5314180107526881,0.5398599487725705,"Perkinelmer, Inc."
353,PLD,0.6618867924528302,0.3778561827956989,0.5198714876242645,Prologis Inc
354,PM,0.7060377358490566,0.3365255376344086,0.5212816367417326,Philip Morris International Inc
355,PNC,0.5826415094339622,0.5522513440860215,0.5674464267599919,PNC Financial Services Group
356,PNR,0.810188679245283,0.3385416666666666,0.5743651729559748,Pentair plc
357,PNW,0.4543396226415094,0.5445228494623656,0.4994312360519375,Pinnacle West Capital Corp.
358,PPG,0.6305660377358491,0.4175067204301075,0.5240363790829783,"PPG Industries, Inc."
359,PPL,0.4309433962264151,0.6476814516129032,0.5393124239196592,PPL Corp
360,PRGO,0.3260377358490566,0.7810819892473118,0.5535598625481841,Perrigo Company plc
361,PRU,0.5013359449952031,0.7943548387096775,0.6478453918524403,Prudential Financial Inc.
362,PSA,0.5013359449952031,0.2641129032258064,0.3827244241105047,Public Storage
363,PSX,0.4483018867924528,0.6471774193548387,0.5477396530736458,Phillips 66
364,PVH,0.4709433962264151,0.6066868279569892,0.5388151120917022,PVH Corp
365,PWR,0.5516981132075471,0.5730846774193549,0.562391395313451,"Quanta Services, Inc."
366,PXD,0.4456603773584905,0.522513440860215,0.48408690910935276,Pioneer Natural Resources Co.
367,PYPL,0.480377358490566,0.2009408602150537,0.34065910935280985,PayPal Holdings Inc
368,QCOM,0.5150943396226415,0.4442204301075269,0.4796573848650842,"Qualcomm, Inc."
369,QRVO,0.4064150943396226,0.4232190860215054,0.414817090180564,Qorvo Inc
370,RCL,0.3445283018867924,0.3716397849462365,0.35808404341651445,Royal Caribbean Group
371,RE,0.519245283018868,0.7426075268817204,0.6309264049502942,Everest Re Group Ltd
372,REG,0.4675471698113207,0.2859543010752688,0.37675073544329474,Regency Centers Corporation
373,REGN,0.5309433962264152,0.484375,0.5076591981132076,"Regeneron Pharmaceuticals, Inc."
374,RF,0.6569811320754717,0.5925739247311828,0.6247775284033272,Regions Financial Corp.
375,RHI,0.5894339622641509,0.46875,0.5290919811320755,Robert Half International Inc.
376,RJF,0.4237735849056603,0.5877016129032258,0.505737598904443,"Raymond James Financial, Inc."
377,RL,0.4449056603773584,0.5902217741935484,0.5175637172854534,Ralph Lauren Corp
378,RMD,0.3792452830188679,0.2886424731182795,0.33394387806857373,Resmed Inc.
379,ROK,0.5003773584905661,0.3209005376344085,0.4106389480624873,Rockwell Automation Inc
380,ROL,0.5879245283018868,0.2221102150537634,0.4050173716778251,"Rollins, Inc."
381,ROP,0.5815094339622642,0.3610551075268817,0.47128227074457296,Roper Technologies Inc
382,ROST,0.6113207547169811,0.5702284946236559,0.5907746246703185,"Ross Stores, Inc."
383,RSG,0.5935849056603774,0.569388440860215,0.5814866732602961,"Republic Services, Inc."
384,SBAC,0.4630188679245283,0.273521505376344,0.36827018665043615,SBA Communications Corp
385,SBUX,0.6569811320754717,0.3702956989247311,0.5136384155001014,Starbucks Corp.
386,SCHW,0.5316981132075471,0.5120967741935484,0.5218974437005477,Charles Schwab Corp.
387,SEE,0.5067924528301887,0.4432123655913978,0.4750024092107933,Sealed Air Corp.
388,SHW,0.5256603773584906,0.447244623655914,0.4864525005072023,Sherwin-Williams Co.
389,SIVB,0.400377358490566,0.3869287634408602,0.39365306096571306,SVB Financial Group
390,SJM,0.5098113207547169,0.5972782258064516,0.5535447732805843,J.M. Smucker Co.
391,SLB,0.5762264150943396,0.540994623655914,0.5586105193751267,Schlumberger Ltd.
392,SLG,0.6732075471698113,0.428763440860215,0.5509854940150132,SL Green Realty Corp.
393,SNA,0.439622641509434,0.4430443548387097,0.44133349817407186,"Snap-on, Inc."
394,SNPS,0.5660377358490566,0.2967069892473118,0.43137236254818423,"Synopsys, Inc."
395,SO,0.5852830188679246,0.6567540322580645,0.6210185255629945,Southern Company
396,SPG,0.4392452830188679,0.3397177419354839,0.3894815124771759,"Simon Property Group, Inc."
397,SPGI,0.6581132075471698,0.1871639784946236,0.42263859302089674,S&P Global Inc
398,SRE,0.5679245283018868,0.6206317204301075,0.5942781243659971,Sempra Energy
399,STE,0.400377358490566,0.4946236559139785,0.44750050720227225,Steris Plc
400,STT,0.5777358490566038,0.6063508064516129,0.5920433277541084,State Street Corp.
401,STX,0.5328301886792453,0.7258064516129032,0.6293183201460743,Seagate Technology Holdings Plc
402,STZ,0.5769811320754717,0.5359543010752689,0.5564677165753703,Constellation Brands Inc
403,SWK,0.5013359449952031,0.617271505376344,0.5593037251857735,Stanley Black & Decker Inc
404,SWKS,0.4875471698113207,0.3822244623655914,0.434885816088456,"Skyworks Solutions, Inc."
405,SYF,0.5022641509433963,0.690356182795699,0.5963101668695476,Synchrony Financial
406,SYK,0.5924528301886792,0.3852486559139785,0.48885074305132886,Stryker Corp.
407,SYY,0.6113207547169811,0.5114247311827957,0.5613727429498885,Sysco Corp.
408,T,0.4226415094339623,0.769489247311828,0.5960653783728951,"AT&T, Inc."
409,TAP,0.4969811320754717,0.7829301075268817,0.6399556198011767,Molson Coors Beverage Company
410,TDG,0.3909433962264151,0.3336693548387097,0.3623063755325624,Transdigm Group Incorporated
411,TDY,0.6418867924528302,0.552755376344086,0.5973210843984581,Teledyne Technologies Inc
412,TEL,0.6713207547169812,0.4129704301075269,0.542145592412254,TE Connectivity Ltd
413,TFC,0.5018867924528302,0.7582325268817205,0.6300596596672754,Truist Financial Corporation
414,TFX,0.5407547169811321,0.4507728494623655,0.4957637832217488,Teleflex Incorporated
415,TGT,0.3230188679245283,0.5992943548387097,0.461156611381619,Target Corp
416,TIF,0.6222641509433963,0.4709341397849462,0.5465991453641712,Tiffany & Co.
417,TJX,0.6532075471698113,0.6234879032258065,0.6383477251978089,"TJX Companies, Inc."
418,TMO,0.4147169811320754,0.4665658602150537,0.44064142067356454,Thermo Fisher Scientific Inc.
419,TMUS,0.4728301886792452,0.6900201612903225,0.5814251749847839,T-Mobile US Inc
420,TPR,0.5460377358490566,0.4907594086021505,0.5183985722256035,Tapestry Inc
421,TRV,0.4275471698113207,0.773353494623656,0.6004503322174883,Travelers Companies Inc.
422,TSCO,0.4275471698113207,0.5352822580645161,0.4814147139379184,Tractor Supply Co.
423,TSN,0.5041509433962265,0.775369623655914,0.6397602835260703,"Tyson Foods, Inc."
424,TT,0.4916981132075472,0.4840389784946237,0.4878685458510854,Trane Technologies plc
425,TTWO,0.6932075471698114,0.422883064516129,0.5580453058429702,"Take-Two Interactive Software, Inc."
426,TWTR,0.5052830188679245,0.2553763440860215,0.380329681476973,Twitter Inc
427,TXN,0.370188679245283,0.2355510752688172,0.30286987725705006,Texas Instruments Inc.
428,TXT,0.3532075471698113,0.6261760752688172,0.48969181121931427,Textron Inc.
429,TYL,0.4124528301886792,0.1320564516129032,0.2722546409007912,"Tyler Technologies, Inc."
430,UAA,0.4837735849056603,0.5349462365591398,0.5093599107324001,Under Armour Inc
431,UDR,0.3513207547169811,0.3568548387096774,0.35408779671332924,UDR Inc
432,UHS,0.5003773584905661,0.7014448924731183,0.6009111254818422,"Universal Health Services, Inc."
433,ULTA,0.4456603773584905,0.4265793010752688,0.4361198392168797,Ulta Beauty Inc
434,UNH,0.3815094339622641,0.5626680107526881,0.4720887223574761,Unitedhealth Group Inc
435,UNM,0.7030188679245283,0.8464381720430108,0.7747285199837695,Unum Group
436,UNP,0.290566037735849,0.4008736559139785,0.34571984682491375,Union Pacific Corp.
437,UPS,0.4916981132075471,0.426747311827957,0.45922271251775204,"United Parcel Service, Inc."
438,URI,0.5135849056603774,0.577116935483871,0.5453509205721242,"United Rentals, Inc."
439,USB,0.4686792452830188,0.6821236559139785,0.5754014505984987,U.S. Bancorp.
440,V,0.5298113207547169,0.3335013440860215,0.4316563324203692,Visa Inc
441,VAR,0.5013359449952031,0.2691532258064516,0.38524458540082734,"Varian Medical Systems, Inc."
442,VFC,0.4294339622641509,0.5122647849462365,0.47084937360519374,VF Corp.
443,VIAC,0.6475471698113208,0.8101478494623656,0.7288475096368432,ViacomCBS Inc
444,VLO,0.3981132075471698,0.6869959677419355,0.5425545876445527,Valero Energy Corp.
445,VMC,0.6909433962264151,0.3524865591397849,0.5217149776831,Vulcan Materials Co
446,VNO,0.379622641509434,0.364247311827957,0.37193497666869546,Vornado Realty Trust
447,VRSK,0.6943396226415095,0.3215725806451613,0.5079561016433354,Verisk Analytics Inc
448,VRTX,0.5305660377358491,0.4768145161290322,0.5036902769324406,"Vertex Pharmaceuticals, Inc."
449,VTR,0.729811320754717,0.3640793010752688,0.5469453109149929,Ventas Inc
450,VZ,0.5350943396226415,0.6510416666666666,0.593068003144654,Verizon Communications Inc
451,WAB,0.5013359449952031,0.7651209677419355,0.6332284563685693,Westinghouse Air Brake Technologies Corp
452,WAT,0.4747169811320754,0.127016129032258,0.3008665550821667,Waters Corp.
453,WBA,0.5013359449952031,0.5752688172043011,0.538302381099752,Walgreens Boots Alliance Inc
454,WDC,0.6041509433962264,0.7258064516129032,0.6649786975045648,Western Digital Corp.
455,WEC,0.4788679245283018,0.5043682795698925,0.49161810204909717,WEC Energy Group Inc
456,WELL,0.6799999999999999,0.3585349462365591,0.5192674731182796,Welltower Inc
457,WFC,0.570188679245283,0.6369287634408602,0.6035587213430716,Wells Fargo & Co.
458,WHR,0.5166037735849056,0.6727150537634409,0.5946594136741732,Whirlpool Corp.
459,WLTW,0.4377358490566037,0.5594758064516129,0.4986058277541083,Willis Towers Watson Public Limited Co
460,WM,0.6626415094339623,0.4904233870967742,0.5765324482653682,"Waste Management, Inc."
461,WMB,0.5732075471698114,0.5577956989247312,0.5655016230472714,Williams Cos Inc
462,WMT,0.5350943396226415,0.8012432795698925,0.668168809596267,Walmart Inc
463,WRB,0.5158490566037736,0.7111895161290323,0.613519286366403,W.R. Berkley Corp.
464,WRK,0.3143396226415094,0.7169018817204301,0.5156207521809697,WestRock Co
465,WST,0.4539622641509434,0.169018817204301,0.31149054067762216,"West Pharmaceutical Services, Inc."
466,WU,0.5894339622641509,0.5987903225806451,0.5941121424223981,Western Union Company
467,WY,0.5826415094339622,0.6359206989247312,0.6092811041793467,Weyerhaeuser Co.
468,WYNN,0.4332075471698113,0.2118615591397849,0.3225345531547981,Wynn Resorts Ltd.
469,XEL,0.500754716981132,0.5280577956989247,0.5144062563400285,"Xcel Energy, Inc."
470,XLNX,0.3535849056603773,0.2718413978494624,0.31271315175491987,"Xilinx, Inc."
471,XOM,0.5013359449952031,0.6297043010752688,0.5655201230352359,Exxon Mobil Corp.
472,XRAY,0.3535849056603773,0.4149865591397849,0.3842857324000811,DENTSPLY Sirona Inc
473,XYL,0.5343396226415094,0.3949932795698924,0.4646664511057009,Xylem Inc
474,YUM,0.3999999999999999,0.3215725806451613,0.3607862903225806,Yum Brands Inc.
475,ZBH,0.4124528301886792,0.4460685483870967,0.42926068928788796,Zimmer Biomet Holdings Inc
476,ZBRA,0.6154716981132076,0.255880376344086,0.4356760372286468,Zebra Technologies Corp.
477,ZION,0.2471698113207547,0.688508064516129,0.46783893791844183,Zions Bancorporation N.A
478,ZTS,0.4256603773584905,0.1750672043010752,0.3003637908297828,Zoetis Inc
479,PLUG,0.3286792452830188,0.3921370967741935,0.3604081710286061,Plug Power Inc
480,SPWR,0.7430188679245283,0.2584005376344085,0.5007097027794685,Sunpower Corp
481,GME,0.6275471698113207,0.3716397849462365,0.4995934773787786,Gamestop Corporation
482,AMC,0.4426415094339622,0.1985887096774193,0.3206151095556907,AMC Entertainment Holdings Inc
483,MGM,0.3762264150943396,0.3477822580645161,0.3620043365794279,MGM Resorts International
484,CSIQ,0.5449056603773584,0.8153561827956989,0.6801309215865287,Canadian Solar Inc
485,SPCE,0.5675471698113208,0.1290322580645161,0.34828971393791847,Virgin Galactic Holdings Inc
486,INTC,0.4147169811320754,0.7405913978494624,0.5776541894907689,Intel Corp.
487,BABA,0.4683018867924528,0.5221774193548387,0.4952396530736458,Alibaba Group Holding Ltd
488,SQ,0.44,0.1706989247311828,0.3053494623655914,Square Inc
489,TSLA,0.6181132075471698,0.1404569892473118,0.3792850983972408,Tesla Inc
490,FL,0.2743396226415094,0.7308467741935484,0.5025931984175289,Foot Locker Inc
491,NKE,0.3615094339622641,0.3622311827956989,0.3618703083789815,"Nike, Inc."
492,IBM,0.3513207547169811,0.5877016129032258,0.4695111838101034,International Business Machines Corp.
493,QCOM,0.330566037735849,0.4529569892473118,0.3917615134915804,"Qualcomm, Inc."
494,NIO,0.6128301886792452,0.2093413978494623,0.41108579326435374,NIO Inc
495,RKT,0.6981132075471698,0.7409274193548386,0.7195203134510042,Rocket Companies Inc
