,Ticker,Company,Price,P/EG Ratio,P/EG Percentile,P/S Ratio,P/S Percentile,P/B Ratio,P/B Percentile,EV/EBITDA Ratio,EV/EBITDA Percentile,EV/Revenue Ratio,EV/Revenue Percentile,Target Price,TP Ratio,TP Percentile,RV Score
0,A,Agilent Technologies Inc.,148.81,-1.3136337815390733,0.1910112359550562,-9.68,0.2612359550561798,-8.02,0.18820224719101122,-31.81222364626589,0.1601123595505618,-8.37,0.2050561797752809,143.32,-1.0383058889198995,0.33146067415730335,0.22284644194756553
1,AAL,American Airlines Group Inc,21.083,-0.002351447631317288,0.6404494382022472,-1.74,0.827247191011236,-1.07,0.9044943820224719,-3.7232472960239584,0.9887640449438203,-3.1,0.6151685393258427,21.4,-0.9851869158878505,0.5196629213483146,0.7492977528089888
2,AAPL,Apple Inc,136.33,-0.7717481484500072,0.2640449438202247,-32.63,0.06741573033707865,-7.17,0.2303370786516854,-23.19766683395962,0.32865168539325845,-7.21,0.24719101123595508,147.5,-0.9242711864406781,0.6938202247191012,0.3052434456928839
3,ABBV,Abbvie Inc,112.29,0.8390779576536658,0.7275280898876404,-15.28,0.16573033707865167,-4.11,0.43820224719101125,-12.565364225448166,0.6685393258426966,-5.59,0.38342696629213485,118.6,-0.9467959527824622,0.6264044943820225,0.5016385767790262
4,ABMD,Abiomed Inc.,313.0978,-5.52072867237183,0.058988764044943826,-10.77,0.2359550561797753,-16.9,0.060393258426966294,-53.47743515286089,0.06179775280898877,-16.66,0.07865168539325842,315.0,-0.9939612698412699,0.48314606741573035,0.16315543071161048
5,ABT,Abbott Laboratories,117.2,-0.630787642230858,0.32865168539325845,-6.31,0.3651685393258427,-5.55,0.31741573033707865,-25.25401596671389,0.2696629213483146,-5.82,0.3539325842696629,128.97,-0.9087384663099946,0.7584269662921348,0.398876404494382
6,ADBE,Adobe Inc,590.74,-0.6833480341903921,0.3061797752808989,-21.12,0.11797752808988765,-21.27,0.03651685393258427,-57.16901267313354,0.05617977528089888,-21.48,0.03932584269662921,556.71,-1.0611269781394261,0.27247191011235955,0.13810861423220974
7,ADI,Analog Devices Inc.,171.3,-1.034017775680466,0.22191011235955055,-5.25,0.42134831460674155,-10.29,0.14325842696629212,-29.276026692218498,0.19662921348314608,-11.03,0.14325842696629212,169.3,-1.0118133490844654,0.43258426966292135,0.2598314606741573
8,ADP,Automatic Data Processing Inc.,197.65,28.382114396889857,0.9971910112359551,-15.45,0.16292134831460675,-5.86,0.29213483146067415,-23.310694619992805,0.3258426966292135,-5.86,0.351123595505618,174.45,-1.13298939524219,0.16292134831460675,0.3820224719101124
9,ADSK,Autodesk Inc.,297.81,-0.15933132479324194,0.4719101123595506,-57.4,0.04775280898876405,-16.81,0.0646067415730337,-92.63168046323362,0.030898876404494385,-16.88,0.07584269662921347,306.42,-0.971901311924809,0.5646067415730337,0.20926966292134833
10,AEE,Ameren Corp.,79.91,-1.079381116107147,0.21348314606741575,-2.4,0.7205056179775281,-3.59,0.49719101123595505,-13.713281785976147,0.6123595505617978,-5.65,0.37359550561797755,88.5,-0.9029378531073446,0.7808988764044943,0.5330056179775281
11,AES,AES Corp.,26.37,-0.4068194513797217,0.37359550561797755,-5.46,0.40449438202247195,-1.78,0.7668539325842697,-9.592978648106833,0.8202247191011236,-3.59,0.5674157303370787,23.0,-1.1465217391304348,0.14606741573033707,0.5131086142322098
12,AKAM,Akamai Technologies Inc,117.44,-1.8148359905645368,0.14887640449438203,-4.54,0.4803370786516854,-5.83,0.2949438202247191,-26.50801802345665,0.2443820224719101,-6.29,0.31179775280898875,127.4,-0.9218210361067504,0.7050561797752809,0.3642322097378277
13,ALB,Albemarle Corp.,167.46,1.8655751496436574,0.8202247191011236,-3.53,0.5674157303370787,-6.15,0.273876404494382,-24.10124111037508,0.2949438202247191,-6.7,0.26685393258426965,152.36,-1.0991073772643738,0.21067415730337077,0.4056647940074906
14,ALL,Allstate Corp (The),129.58,2.438878487420395,0.848314606741573,-1.58,0.875,-0.8349,0.9213483146067416,-2.435068473486998,0.9971910112359551,-0.8614,0.9353932584269663,135.24,-0.9581484767820172,0.5842696629213483,0.860252808988764
15,ALLE,Allegion plc,139.18,-0.9040946047882101,0.2443820224719101,-17.55,0.14325842696629212,-4.72,0.39325842696629215,-21.04404178048598,0.3651685393258427,-5.17,0.4157303370786517,130.9,-1.0632543926661573,0.2696629213483146,0.3052434456928839
16,AME,Ametek Inc,133.02,2.806145852807247,0.8651685393258427,-5.21,0.4269662921348315,-6.97,0.2401685393258427,-23.55314898762929,0.3061797752808989,-7.04,0.25,137.3,-0.9688273852876912,0.5702247191011236,0.4431179775280899
17,AMGN,AMGEN Inc.,242.43,3.633252028837838,0.9185393258426966,-15.55,0.15730337078651685,-5.79,0.29915730337078655,-13.250659278823624,0.6320224719101124,-6.45,0.28792134831460675,257.11,-0.9429038154875345,0.6320224719101124,0.48782771535580527
18,AMP,Ameriprise Financial Inc,248.3,-4.389197698417491,0.07865168539325842,-5.44,0.4101123595505618,-2.34,0.6685393258426966,-108.69863743275074,0.022471910112359553,-2.35,0.7303370786516854,242.0,-1.0260330578512398,0.3820224719101124,0.38202247191011235
19,AMT,American Tower Corp.,272.85,-90.82805896639259,0.011235955056179777,-31.18,0.07303370786516854,-15.05,0.07584269662921347,-28.778248603588782,0.20224719101123598,-18.39,0.058988764044943826,279.0,-0.9779569892473119,0.547752808988764,0.16151685393258428
20,ANSS,Ansys Inc.,352.53,-6.458998052311693,0.050561797752808994,-7.5,0.31741573033707865,-17.79,0.050561797752808994,-53.28451148015411,0.0646067415730337,-17.85,0.06179775280898877,287.0,-1.228327526132404,0.08146067415730338,0.10440074906367042
21,ANTM,Anthem Inc,381.58,-16.43535894932665,0.030898876404494385,-2.77,0.6713483146067416,-0.7782,0.9297752808988764,-15.760222408811622,0.5252808988764045,-0.9759,0.9297752808988764,415.24,-0.9189384452364897,0.7247191011235955,0.6352996254681648
22,AOS,A.O. Smith Corp.,71.6,-1.562076655190359,0.17415730337078653,-6.14,0.3707865168539326,-3.81,0.47752808988764045,-18.085132622415806,0.43258426966292135,-3.74,0.5421348314606742,60.3,-1.187396351575456,0.10674157303370788,0.3506554307116105
23,APH,Amphenol Corp.,68.5,-2.385373489966504,0.12078651685393259,-7.49,0.32162921348314605,-4.69,0.40168539325842695,-19.588464210448652,0.40168539325842695,-4.85,0.43539325842696625,66.3,-1.0331825037707392,0.3539325842696629,0.33918539325842695
24,APTV,Aptiv PLC,158.3,1.1282951312415688,0.7584269662921348,-5.24,0.4241573033707865,-3.14,0.550561797752809,-41.465807646761306,0.09269662921348315,-3.2,0.6095505617977528,147.24,-1.0751154577560447,0.25280898876404495,0.44803370786516855
25,ATO,Atmos Energy Corp.,96.39,-0.946903605161721,0.23314606741573032,-1.7,0.8412921348314607,-4.08,0.4438202247191011,-13.70059889106254,0.6151685393258427,-6.23,0.31741573033707865,118.2,-0.815482233502538,0.9775280898876404,0.5713951310861423
26,ATVI,Activision Blizzard Inc,95.6,-0.7110912375254609,0.300561797752809,-5.07,0.43539325842696625,-9.0,0.1601123595505618,-19.349229258278204,0.40449438202247195,-8.23,0.21910112359550563,112.02,-0.8534190323156579,0.9101123595505618,0.4049625468164794
27,AVB,Avalonbay Communities Inc.,210.3,-16.65678713011883,0.02808988764044944,-2.82,0.6685393258426966,-13.54,0.08988764044943821,-27.33938691243091,0.22471910112359553,-17.11,0.07303370786516854,201.2,-1.0452286282306165,0.3089887640449438,0.23220973782771534
28,AVGO,Broadcom Inc,477.3,-0.470765321409217,0.35674157303370785,-8.5,0.28089887640449435,-7.6,0.21348314606741575,-17.84672400170175,0.4410112359550562,-9.2,0.1853932584269663,501.7,-0.951365357783536,0.6123595505617978,0.34831460674157305
29,AVY,Avery Dennison Corp.,209.89,-3.13243324207318,0.09831460674157304,-11.15,0.22471910112359553,-2.43,0.6573033707865169,-16.005609835515475,0.5140449438202247,-2.64,0.6910112359550561,220.9,-0.9501584427342689,0.6179775280898876,0.46722846441947563
30,AWK,American Water Works Co. Inc.,155.42,-3.1642202897899963,0.0955056179775281,-4.5,0.4859550561797753,-7.58,0.21629213483146068,-20.756175118963508,0.3707865168539326,-10.36,0.1601123595505618,157.09,-0.9893691514418486,0.49719101123595505,0.30430711610486894
31,AXP,American Express Co.,164.26,3.382997161739283,0.9044943820224719,-5.59,0.39325842696629215,-3.75,0.48455056179775285,-15.345976413455984,0.553370786516854,-3.68,0.550561797752809,132.93,-1.2356879560671028,0.07022471910112359,0.4927434456928839
32,BAC,Bank Of America Corp.,40.885,3.46398604716368,0.9101123595505618,-1.48,0.8946629213483146,-3.99,0.4550561797752809,-13.97838507713478,0.5983146067415731,-4.05,0.5168539325842696,37.91,-1.07847533632287,0.2443820224719101,0.6032303370786517
33,BAX,Baxter International Inc.,81.85,-4.628428945228293,0.07022471910112359,-4.95,0.4438202247191011,-3.48,0.5098314606741573,-18.618540388128036,0.42134831460674155,-3.73,0.5449438202247191,96.3,-0.8499480789200415,0.9185393258426966,0.48478464419475653
34,BEN,"Franklin Resources, Inc.",31.915,-1.613598286217325,0.16853932584269665,-1.57,0.8792134831460675,-2.42,0.6601123595505618,-10.67240887482532,0.7724719101123596,-2.26,0.7387640449438203,24.76,-1.288974151857835,0.03932584269662921,0.5430711610486891
35,BF.B,Brown-Forman Corp.,75.31,-4.446350447450497,0.07584269662921347,-13.57,0.19662921348314608,-7.87,0.19662921348314608,-34.7179164227851,0.12640449438202248,-8.31,0.20786516853932585,65.52,-1.1494200244200246,0.14044943820224717,0.15730337078651685
36,BK,Bank Of New York Mellon Corp,51.02,0.7198343053065976,0.7191011235955057,-1.2,0.9424157303370787,-2.79,0.6207865168539326,-9.606264838190478,0.8174157303370787,-2.78,0.6629213483146067,49.51,-1.0304988891133104,0.3651685393258427,0.6879681647940075
37,BKNG,Booking Holdings Inc,2171.0,1.67988573955423,0.8146067415730337,-20.0,0.1292134831460674,-16.65,0.06741573033707865,-168.4729288970689,0.008426966292134831,-16.43,0.08146067415730338,2417.07,-0.8981949219509571,0.8033707865168539,0.31741573033707865
38,BLK,Blackrock Inc.,873.53,-0.906303885674749,0.24157303370786518,-3.9,0.5365168539325843,-8.02,0.18820224719101122,-17.42372114782637,0.4606741573033708,-8.0,0.2289325842696629,927.93,-0.9413748881919972,0.6376404494382022,0.3822565543071161
39,BLL,Ball Corp.,81.64,-0.555298737983518,0.3370786516853933,-7.9,0.300561797752809,-2.31,0.6769662921348315,-17.31458444792872,0.46629213483146065,-2.91,0.6446629213483146,98.84,-0.8259813840550384,0.9662921348314607,0.565308988764045
40,BMY,Bristol-Myers Squibb Co.,66.27,-0.03752712672478111,0.5926966292134831,-4.01,0.5252808988764045,-3.56,0.5,-13.323061284515559,0.6292134831460674,-4.41,0.49157303370786515,76.11,-0.8707134410721324,0.8820224719101124,0.6034644194756554
41,BR,"Broadridge Financial Solutions, Inc.",162.04,-1.52717851524892,0.17696629213483145,-12.18,0.21067415730337077,-3.91,0.4592696629213483,-19.869730111786104,0.38764044943820225,-4.34,0.49719101123595505,154.0,-1.0522077922077921,0.300561797752809,0.3387172284644195
42,BWA,BorgWarner Inc,48.37,0.6104800049818794,0.6910112359550561,-1.83,0.8061797752808988,-0.9986,0.9073033707865169,-9.703576270126701,0.8061797752808988,-1.18,0.9185393258426966,47.09,-1.027181991930346,0.37359550561797755,0.7504681647940075
43,C,Citigroup Inc,69.685,-18.186833603357275,0.025280898876404497,-0.812,0.9887640449438203,-1.84,0.7542134831460675,-6.033349220108605,0.9606741573033708,-1.85,0.8033707865168539,75.15,-0.9272787757817698,0.6825842696629213,0.7024812734082397
44,CARR,Carrier Global Corp,48.72,-0.7267572976291934,0.2907303370786517,-6.7,0.3441011235955056,-2.33,0.6713483146067416,-18.764372815177428,0.41853932584269665,-2.7,0.672752808988764,44.0,-1.1072727272727272,0.20224719101123598,0.4332865168539326
45,CB,Chubb Limited,158.47,-0.24551643630628,0.4269662921348315,-1.24,0.9283707865168539,-1.92,0.7345505617977528,-10.479915568328552,0.7808988764044943,-1.92,0.7893258426966292,174.4,-0.9086582568807339,0.7612359550561797,0.7368913857677902
46,CBOE,Cboe Global Markets Inc.,119.97,-5.342189516876943,0.0646067415730337,-3.82,0.5393258426966292,-3.7,0.4887640449438202,-16.140760385694364,0.5084269662921348,-3.88,0.5351123595505618,108.65,-1.1041877588587206,0.2050561797752809,0.3902153558052434
47,CCI,Crown Castle International Corp,197.37,-4.601578212417214,0.07303370786516854,-9.73,0.2584269662921348,-14.7,0.08426966292134833,-32.64202568595824,0.14887640449438203,-18.46,0.05617977528089888,191.73,-1.0294163667657645,0.3679775280898876,0.1647940074906367
48,CCL,Carnival Corp.,25.78,-0.004378358107737177,0.6376404494382022,-1.5,0.8904494382022472,-35.2,0.011235955056179777,-11.740321502247104,0.702247191011236,-59.06,0.011235955056179777,30.71,-0.8394659719960925,0.952247191011236,0.5341760299625469
49,CDW,CDW Corp,176.33,-1.8638038096811607,0.14325842696629212,-21.22,0.1151685393258427,-1.3,0.8511235955056179,-16.815167783245965,0.49438202247191015,-1.5,0.8693820224719101,170.0,-1.037235294117647,0.3370786516853933,0.4683988764044944
50,CE,Celanese Corp,147.05,-0.04050146432827668,0.5898876404494382,-4.74,0.4648876404494382,-2.9,0.601123595505618,-19.8517819522408,0.39044943820224715,-3.23,0.5983146067415731,162.07,-0.9073239958042822,0.7640449438202248,0.5681179775280899
51,CERN,Cerner Corp.,78.36,-0.4729308259264809,0.3539325842696629,-5.55,0.398876404494382,-4.4,0.42134831460674155,-30.47889835681972,0.17977528089887643,-4.52,0.4691011235955056,84.48,-0.9275568181818181,0.6797752808988764,0.41713483146067415
52,CF,CF Industries Holdings Inc,49.24,2.055923484289341,0.8342696629213484,-3.56,0.5603932584269663,-2.6,0.6376404494382022,-8.624829954657619,0.8651685393258427,-3.22,0.6025280898876404,43.99,-1.1193453057513072,0.1853932584269663,0.6142322097378277
53,CFG,Citizens Financial Group Inc,45.75,-0.6314761310874365,0.3258426966292135,-0.9731,0.9775280898876404,-2.69,0.6264044943820225,-7.630098118546404,0.9157303370786516,-2.79,0.6601123595505618,43.45,-1.052934407364787,0.29775280898876405,0.6338951310861423
54,CHD,"Church & Dwight Co., Inc.",84.93,-1.7116664671984263,0.15730337078651685,-6.7,0.3441011235955056,-4.3,0.4339887640449438,-18.61166752086278,0.4241573033707865,-4.79,0.4452247191011236,96.81,-0.877285404400372,0.8735955056179775,0.4463951310861423
55,CHRW,"C.H. Robinson Worldwide, Inc.",94.57,-0.930895659514204,0.2359550561797753,-7.0,0.3370786516853933,-0.74,0.9410112359550561,-15.442461068353653,0.5365168539325843,-0.8071,0.9466292134831461,95.0,-0.9954736842105263,0.4719101123595506,0.5781835205992509
56,CHTR,Charter Communications Inc.,717.47,-0.3428011076113999,0.40168539325842695,-6.59,0.351123595505618,-2.91,0.5983146067415731,-11.682260015657329,0.7078651685393258,-4.56,0.46348314606741575,707.46,-1.01414920984932,0.42134831460674155,0.49063670411985016
57,CI,Cigna Corp.,236.66,-0.1296946338116882,0.49719101123595505,-1.74,0.827247191011236,-0.5163,0.9662921348314607,-11.482361742050752,0.7191011235955057,-0.7208,0.952247191011236,287.58,-0.8229362264413381,0.9691011235955057,0.8218632958801498
58,CINF,Cincinnati Financial Corp.,116.34,-0.0016081843962659583,0.6432584269662921,-1.7,0.8412921348314607,-1.96,0.7247191011235955,-4.7450676929966935,0.9775280898876404,-2.01,0.7724719101123596,121.99,-0.9536847282564145,0.6039325842696629,0.7605337078651685
59,CLX,Clorox Co.,179.4,-4.290234720897327,0.08146067415730338,-30.57,0.07584269662921347,-3.01,0.5730337078651685,-16.535368940194193,0.5028089887640449,-3.31,0.5941011235955056,211.02,-0.8501563832812056,0.9157303370786516,0.4571629213483146
60,CMA,"Comerica, Inc.",71.01,-0.7876538416189642,0.2612359550561798,-1.31,0.9129213483146067,-3.4,0.5252808988764045,-7.946975140476499,0.8988764044943821,-3.48,0.5786516853932584,56.23,-1.262849012982394,0.058988764044943826,0.5393258426966292
61,CMCSA,Comcast Corp,56.54,-190.8152366615109,0.002808988764044944,-2.9,0.6488764044943821,-2.58,0.6404494382022472,-10.990274590367925,0.75,-3.37,0.5898876404494382,61.04,-0.9262778505897772,0.6882022471910112,0.5533707865168539
62,CME,CME Group Inc,213.28,2.04483622045572,0.8314606741573034,-2.97,0.6432584269662921,-16.9,0.060393258426966294,-26.73180222623784,0.23876404494382023,-17.57,0.07022471910112359,197.8,-1.0782608695652174,0.24719101123595508,0.3485486891385768
63,CMG,Chipotle Mexican Grill,1534.39,-5.540908536487636,0.05617977528089888,-20.52,0.12359550561797754,-6.94,0.2443820224719101,-63.10026700347678,0.04775280898876405,-6.71,0.26264044943820225,1644.3,-0.9331569664902999,0.6601123595505618,0.2324438202247191
64,CMI,Cummins Inc.,239.65,2.552895256153413,0.853932584269663,-4.45,0.4887640449438202,-1.69,0.7837078651685393,-14.25692174784754,0.5842696629213483,-1.74,0.8230337078651685,271.97,-0.88116336360628,0.8595505617977528,0.7322097378277154
65,CNC,Centene Corp.,73.76,-0.1435379660100535,0.4887640449438202,-1.7,0.8412921348314607,-0.3898,0.9831460674157303,-12.262379797907682,0.6769662921348315,-0.54,0.9747191011235955,81.12,-0.9092702169625246,0.7528089887640449,0.7862827715355805
66,CNP,Centerpoint Energy Inc.,24.49,-0.14412407048626447,0.4859550561797753,-2.27,0.7415730337078652,-1.92,0.7345505617977528,-11.782422396091643,0.699438202247191,-3.9,0.5308988764044944,24.11,-1.0157610949813356,0.40730337078651685,0.5999531835205992
67,COF,Capital One Financial Corp.,154.15,-0.05332461847625915,0.5674157303370787,-1.18,0.9480337078651685,-2.32,0.6741573033707866,-7.429995291341289,0.9269662921348315,-2.38,0.723314606741573,154.46,-0.997993007898485,0.4606741573033708,0.7167602996254682
68,COO,"Cooper Companies, Inc.",397.12,-0.01581283668605579,0.6123595505617978,-3.54,0.5646067415730337,-8.17,0.17977528089887643,-38.99829438128737,0.10112359550561799,-8.75,0.1910112359550562,405.6,-0.9790927021696252,0.5365168539325843,0.3642322097378277
69,CRM,Salesforce.Com Inc,245.82,-0.020010295116524596,0.6067415730337078,-5.47,0.40168539325842695,-10.47,0.1348314606741573,-56.79924547932472,0.058988764044943826,-9.76,0.17696629213483145,279.74,-0.87874454850933,0.8707865168539325,0.37499999999999994
70,CSCO,"Cisco Systems, Inc.",52.92,4.762707627776165,0.9410112359550561,-5.58,0.3960674157303371,-4.73,0.3862359550561798,-15.381011929795482,0.547752808988764,-4.45,0.48174157303370785,54.22,-0.9760236075248986,0.5589887640449438,0.5519662921348314
71,CTAS,Cintas Corporation,382.54,-12.27964540029347,0.03651685393258427,-10.53,0.24157303370786518,-5.78,0.3033707865168539,-25.299330714445638,0.26685393258426965,-6.14,0.3258426966292135,351.5,-1.0883072546230441,0.2303370786516854,0.2340823970037453
72,CTXS,"Citrix Systems, Inc.",117.87,0.8707788722654357,0.7359550561797752,-58.57,0.04213483146067416,-4.71,0.398876404494382,-33.905755403436935,0.13764044943820225,-5.75,0.36235955056179775,163.5,-0.7209174311926606,0.9943820224719101,0.4452247191011236
73,CVS,CVS Health Corp,83.49,-8.776291529134598,0.04213483146067416,-1.56,0.8834269662921348,-0.419,0.9803370786516854,-8.90404708683385,0.853932584269663,-0.6303,0.9662921348314607,95.6,-0.873326359832636,0.8764044943820225,0.7670880149812734
74,CXO,Concho Resources Inc,65.83,-0.0013602994593143406,0.651685393258427,-1.65,0.8553370786516854,-3.8,0.4803370786516854,-11.326127445307353,0.7303370786516854,-4.8,0.43960674157303375,67.66,-0.9729530002955956,0.5617977528089887,0.6198501872659176
75,D,Dominion Energy Inc,73.5,1.4408313750337949,0.8061797752808988,-2.6,0.6938202247191012,-4.6,0.4101123595505618,-16.92390456275126,0.4887640449438202,-7.4,0.24157303370786518,85.57,-0.8589458922519575,0.896067415730337,0.5894194756554307
76,DAL,"Delta Air Lines, Inc.",42.88,-0.004611530359959863,0.6348314606741573,-59.79,0.03932584269662921,-2.27,0.6797752808988764,-5.225840247121126,0.9719101123595506,-3.42,0.5870786516853933,51.65,-0.8302032913843176,0.9606741573033708,0.6455992509363296
77,DE,Deere & Co.,348.81,-0.3863108458786728,0.3792134831460674,-7.52,0.3146067415730337,-2.81,0.6179775280898876,-12.01203881561352,0.6938202247191012,-2.65,0.6867977528089888,359.57,-0.9700753678004284,0.5674157303370787,0.5433052434456929
78,DFS,Discover Financial Services,116.88,-0.4228728795216032,0.36235955056179775,-3.3,0.6053370786516854,-2.99,0.5870786516853933,-8.910484272820018,0.8511235955056179,-2.95,0.6348314606741573,107.0,-1.0923364485981308,0.21910112359550563,0.5433052434456929
79,DG,Dollar General Corp.,217.01,-0.4797275308250065,0.351123595505618,-8.22,0.28651685393258425,-1.53,0.8061797752808988,-13.052126105244943,0.6488764044943821,-1.62,0.8441011235955057,231.87,-0.9359123646871091,0.651685393258427,0.5980805243445693
80,DGX,"Quest Diagnostics, Inc.",132.98,-0.0762589512100608,0.5393258426966292,-2.57,0.6980337078651685,-1.68,0.7865168539325843,-7.6510204308254535,0.9129213483146067,-1.99,0.7808988764044943,146.57,-0.907279798048714,0.7668539325842697,0.7474250936329587
81,DHI,D.R. Horton Inc.,90.51,-0.14885483397739535,0.48314606741573035,-2.52,0.7050561797752809,-1.37,0.8314606741573034,-8.18251370823219,0.8848314606741573,-1.39,0.8904494382022472,91.63,-0.9877769289533996,0.5084269662921348,0.7172284644194756
82,DHR,Danaher Corp.,270.75,-0.9748888078149076,0.2303370786516854,-5.4,0.4157303370786517,-8.16,0.18258426966292135,-27.386814245425626,0.22191011235955055,-8.59,0.199438202247191,256.0,-1.0576171875,0.27808988764044945,0.2546816479400749
83,DISH,Dish Network Corp,41.73,-0.10722453100570326,0.5252808988764045,-1.62,0.8623595505617978,-1.34,0.8370786516853933,-8.212198483207104,0.8820224719101124,-2.09,0.7640449438202248,50.4,-0.8279761904761904,0.9634831460674157,0.8057116104868914
84,DLR,Digital Realty Trust Inc,152.45,2.3144625651624,0.8455056179775281,-2.69,0.6825842696629213,-10.41,0.13764044943820225,-26.905249110054708,0.23314606741573032,-14.04,0.11235955056179776,167.05,-0.9126010176593833,0.7359550561797752,0.4578651685393258
85,DOV,Dover Corp.,149.23,296.2766972630657,1.0,-6.23,0.3679775280898876,-3.15,0.547752808988764,-18.94743147451391,0.4101123595505618,-3.54,0.5702247191011236,149.74,-0.9965940964338185,0.4691011235955056,0.5608614232209738
86,DOW,Dow Inc,62.98,-0.10921214834163115,0.5224719101123596,-3.38,0.5870786516853933,-1.18,0.8876404494382022,-17.287631590993424,0.4691011235955056,-1.5,0.8693820224719101,55.85,-1.1276633840644583,0.17415730337078653,0.5849719101123596
87,DRE,Duke Realty Corp,47.84,4.11673796658222,0.9269662921348315,-3.65,0.5449438202247191,-17.58,0.05337078651685394,-27.556549309901715,0.21629213483146068,-20.62,0.04213483146067416,47.2,-1.0135593220338983,0.4269662921348315,0.36844569288389517
88,DVA,DaVita Inc,120.59,-5.348890749927535,0.06179775280898877,-10.64,0.23876404494382023,-1.13,0.896067415730337,-9.039782816886996,0.848314606741573,-1.9,0.7949438202247191,81.56,-1.47854340362923,0.016853932584269662,0.47612359550561795
89,DVN,Devon Energy Corp.,28.02,0.4259701417387091,0.6657303370786516,-2.4,0.7205056179775281,-4.31,0.4297752808988764,-29.719878313917675,0.18820224719101122,-5.79,0.35674157303370785,23.86,-1.1743503772003352,0.1292134831460674,0.41502808988764045
90,DXC,DXC Technology Co,39.05,0.688118108215366,0.7106741573033708,-2.0,0.7752808988764045,-0.5883,0.9634831460674157,-7.971805035037556,0.8932584269662921,-0.7332,0.949438202247191,30.5,-1.2803278688524589,0.050561797752808994,0.7237827715355805
91,DXCM,Dexcom Inc,427.0,-0.35275378322783185,0.39325842696629215,-21.8,0.10674157303370788,-21.12,0.03932584269662921,-106.29168378667283,0.025280898876404497,-20.21,0.04775280898876405,462.34,-0.9235627460310595,0.699438202247191,0.21863295880149813
92,EA,"Electronic Arts, Inc.",144.1,0.698782655378287,0.7134831460674157,-5.45,0.40730337078651685,-7.57,0.21910112359550563,-34.44415779828975,0.13202247191011235,-6.71,0.26264044943820225,160.5,-0.8978193146417445,0.8061797752808988,0.42345505617977525
93,EBAY,EBay Inc.,70.5,0.6055368802874774,0.6882022471910112,-12.84,0.20224719101123598,-4.43,0.41853932584269665,-13.158705775879108,0.6432584269662921,-4.75,0.45224719101123595,66.8,-1.0553892215568863,0.2893258426966292,0.44897003745318353
94,ECL,"Ecolab, Inc.",208.08,-0.2609775294662198,0.4241573033707865,-9.91,0.2556179775280899,-5.37,0.3370786516853933,-30.08514111715238,0.18258426966292135,-5.96,0.3398876404494382,239.0,-0.8706276150627615,0.8848314606741573,0.40402621722846443
95,EIX,Edison International,57.49,0.7412884444545791,0.7219101123595506,-1.6,0.8679775280898876,-1.59,0.800561797752809,-10.15035569782801,0.7949438202247191,-3.43,0.5828651685393258,72.0,-0.7984722222222222,0.9803370786516854,0.7914325842696629
96,EMN,Eastman Chemical Co,116.09,0.8503864583369302,0.7331460674157303,-2.56,0.702247191011236,-1.85,0.75,-12.224547017501665,0.6825842696629213,-2.4,0.7191011235955057,95.92,-1.210279399499583,0.09269662921348315,0.6132958801498127
97,EOG,"EOG Resources, Inc.",82.31,8.3242674392544,0.9719101123595506,-2.41,0.7134831460674157,-4.79,0.37640449438202245,-11.475645715272105,0.7219101123595506,-4.9,0.4269662921348315,78.0,-1.0552564102564104,0.29213483146067415,0.5838014981273408
98,EQIX,Equinix Inc,802.74,7.976027866024158,0.9691011235955057,-7.05,0.3342696629213483,-11.66,0.10955056179775281,-32.21344983514521,0.1544943820224719,-14.07,0.10955056179775281,862.01,-0.931242096959432,0.6657303370786516,0.3904494382022472
99,EQR,Equity Residential Properties Trust,77.56,1.028467804562317,0.75,-2.88,0.6573033707865169,-12.21,0.10112359550561799,-24.425719816051753,0.28651685393258425,-15.37,0.0955056179775281,74.47,-1.0414932187458037,0.31741573033707865,0.36797752808988765
100,ES,Eversource Energy,80.13,-0.9114564293209885,0.23876404494382023,-1.98,0.7823033707865169,-3.12,0.5561797752808989,-13.91402536933637,0.601123595505618,-5.02,0.4241573033707865,90.0,-0.8903333333333333,0.8202247191011236,0.5704588014981273
101,ESS,"Essex Property Trust, Inc.",302.12,1.4268483587309337,0.8033707865168539,-3.37,0.5912921348314607,-13.97,0.08707865168539326,-18.52946712956164,0.4269662921348315,-17.76,0.06741573033707865,248.5,-1.215774647887324,0.08988764044943821,0.3443352059925094
102,ETN,Eaton Corporation plc,146.5,1.4147348018016666,0.800561797752809,-4.07,0.5084269662921348,-3.44,0.5168539325842696,-24.80030527178946,0.28089887640449435,-3.92,0.5252808988764045,148.6,-0.9858681022880216,0.5168539325842696,0.5248127340823969
103,ETR,Entergy Corp.,100.49,-0.305779829040992,0.40730337078651685,-1.9,0.7893258426966292,-2.02,0.7106741573033708,-12.687279043104414,0.6629213483146067,-4.33,0.5,120.41,-0.8345652354455609,0.9578651685393258,0.6713483146067416
104,EW,Edwards Lifesciences Corp,103.6,3.365072066724258,0.901685393258427,-14.2,0.17977528089887643,-14.87,0.07865168539325842,-59.897850388363494,0.05337078651685394,-14.78,0.09831460674157304,132.71,-0.7806495365835279,0.9887640449438203,0.38342696629213485
105,EXPD,"Expeditors International Of Washington, Inc.",126.12,-0.4903455363850416,0.34831460674157305,-7.57,0.31179775280898875,-1.89,0.7457865168539325,-15.656767824235132,0.5337078651685393,-1.76,0.8174157303370787,98.12,-1.2853648593558908,0.04213483146067416,0.46652621722846443
106,EXPE,Expedia Group Inc,159.83,-0.05187392005540482,0.5702247191011236,-19.73,0.13202247191011235,-5.48,0.3258426966292135,-33.62890624743497,0.14044943820224717,-6.46,0.28370786516853935,158.73,-1.0069300069300071,0.4410112359550562,0.3155430711610487
107,F,Ford Motor Co.,15.02,-0.0663686219320564,0.547752808988764,-1.8,0.8089887640449439,-0.4669,0.9747191011235955,-5.111931971016469,0.9747191011235955,-0.416,0.9887640449438203,12.2,-1.2311475409836066,0.07865168539325842,0.7289325842696629
108,FAST,Fastenal Co.,51.77,-4.253135555771085,0.08426966292134833,-10.93,0.2303370786516854,-5.26,0.35252808988764045,-23.08950066167668,0.3342696629213483,-5.32,0.40870786516853935,46.66,-1.1095156450921562,0.199438202247191,0.26825842696629215
109,FB,Facebook Inc,351.85,-0.5088954434542987,0.34269662921348315,-7.67,0.3061797752808989,-10.76,0.12640449438202248,-20.48803568779314,0.37359550561797755,-10.25,0.16573033707865167,366.02,-0.9612862685099176,0.5786516853932584,0.3155430711610487
110,FBHS,Fortune Brands Home & Security Inc,99.8,-0.6098596477204774,0.33146067415730335,-4.75,0.4606741573033708,-2.15,0.6910112359550561,-16.157427489367265,0.5056179775280899,-2.48,0.7134831460674157,98.45,-1.0137125444388013,0.4241573033707865,0.5210674157303371
111,FDX,Fedex Corp,297.96,-0.027617850234116108,0.6039325842696629,-3.59,0.553370786516854,-0.9954,0.9101123595505618,-10.52921310279376,0.7780898876404494,-1.23,0.9129213483146067,310.98,-0.9581323557785065,0.5870786516853933,0.724250936329588
112,FE,Firstenergy Corp.,37.54,-0.15627285427776433,0.47752808988764045,-2.88,0.6573033707865169,-1.97,0.7219101123595506,-13.211637227421768,0.6376404494382022,-4.16,0.5112359550561798,40.62,-0.9241752831117677,0.6966292134831461,0.6170411985018727
113,FIS,"Fidelity National Information Services, Inc.",141.92,-1.826654113075554,0.14606741573033707,-1.87,0.800561797752809,-7.28,0.22471910112359553,-24.96652235917778,0.2752808988764045,-8.7,0.19662921348314608,165.67,-0.856642723486449,0.8988764044943821,0.42368913857677903
114,FISV,"Fiserv, Inc.",106.58,2.978776499079992,0.8792134831460675,-2.35,0.7331460674157303,-5.08,0.35955056179775285,-18.807623643433054,0.4129213483146067,-6.36,0.3047752808988764,134.2,-0.7941877794336811,0.9831460674157303,0.612125468164794
115,FITB,Fifth Third Bancorp,38.08,-0.7301993678408256,0.28370786516853935,-1.36,0.901685393258427,-3.28,0.5435393258426966,-9.978955816034668,0.797752808988764,-3.43,0.5828651685393258,38.51,-0.9888340690729681,0.5,0.6015917602996255
116,FLS,Flowserve Corp.,39.66,1.261743462570295,0.7780898876404494,-3.09,0.6264044943820225,-1.45,0.824438202247191,-15.707101701737882,0.5308988764044944,-1.6,0.8497191011235955,38.01,-1.0434096290449881,0.31179775280898875,0.653558052434457
117,FLT,Fleetcor Technologies Inc,253.55,2.702472790007487,0.8623595505617978,-6.5,0.3539325842696629,-9.2,0.1544943820224719,-18.266261807867895,0.4297752808988764,-11.0,0.14747191011235955,296.7,-0.8545669025952141,0.901685393258427,0.47495318352059923
118,FOXA,Fox Corporation,36.83,-0.197699255497246,0.44662921348314605,-1.98,0.7823033707865169,-1.77,0.7696629213483146,-7.605213132578871,0.9213483146067416,-2.0,0.776685393258427,35.6,-1.0345505617977526,0.351123595505618,0.6746254681647941
119,FRT,Federal Realty Investment Trust,117.65,1.2155038436389907,0.7696629213483146,-4.01,0.5252808988764045,-11.6,0.11235955056179776,-26.890142808408353,0.2359550561797753,-16.04,0.08988764044943821,101.4,-1.1602564102564104,0.13764044943820225,0.31179775280898875
120,FTI,TechnipFMC plc,8.91,-0.11422435297358456,0.5140449438202247,-1.15,0.9578651685393258,-0.3577,0.9859550561797752,-3.863798880224243,0.9831460674157303,-0.53,0.9803370786516854,11.38,-0.7829525483304042,0.9859550561797752,0.9012172284644194
121,FTNT,Fortinet Inc,243.21,-2.1101591076759765,0.13202247191011235,-41.7,0.058988764044943826,-14.85,0.08146067415730338,-62.43507737285507,0.050561797752808994,-14.45,0.10112359550561799,192.0,-1.2667187500000001,0.05617977528089888,0.0800561797752809
122,FTV,Fortive Corp,70.18,-0.0845978117079325,0.5365168539325843,-2.68,0.6853932584269663,-5.74,0.3061797752808989,-27.417680900712718,0.21910112359550563,-6.03,0.3342696629213483,79.0,-0.8883544303797469,0.8286516853932584,0.4850187265917603
123,GD,General Dynamics Corp.,186.71,2.5657369011871665,0.8567415730337079,-3.56,0.5603932584269663,-1.29,0.8581460674157303,-12.791990792555225,0.6601123595505618,-1.59,0.8553370786516854,187.09,-0.9979688919771234,0.46348314606741575,0.7090355805243446
124,GE,General Electric Co.,13.09,-0.8616775442154576,0.25,-3.44,0.574438202247191,-1.49,0.8146067415730337,-23.480203387174022,0.31179775280898875,-1.56,0.8595505617977528,14.1,-0.9283687943262412,0.6741573033707866,0.5807584269662921
125,GILD,"Gilead Sciences, Inc.",67.93,3.066577568770244,0.8876404494382022,-4.61,0.47752808988764045,-3.48,0.5098314606741573,-8.786068500802171,0.8623595505617978,-4.46,0.47752808988764045,79.71,-0.8522142767532306,0.9129213483146067,0.6879681647940075
126,GL,Globe Life Inc,95.16,-2.960816391108609,0.11235955056179776,-1.31,0.9129213483146067,-2.04,0.7078651685393258,-6.679814807796813,0.9550561797752809,-2.1,0.7598314606741573,105.73,-0.9000283741605977,0.7949438202247191,0.7071629213483146
127,GLW,"Corning, Inc.",40.85,-0.0927720936955174,0.5337078651685393,-3.22,0.6123595505617978,-2.96,0.5912921348314607,-31.291304467780925,0.16292134831460675,-3.31,0.5941011235955056,45.53,-0.897210630353613,0.8089887640449439,0.550561797752809
128,GM,General Motors Company,58.84,-0.10445402655440263,0.5308988764044944,-1.77,0.8188202247191012,-0.73,0.9438202247191012,-3.071402696512453,0.9915730337078652,-0.6003,0.9719101123595506,59.01,-0.9971191323504491,0.46629213483146065,0.7872191011235955
129,GOOGL,Alphabet Inc,2444.89,-0.6567156452336934,0.3089887640449438,-7.82,0.3033707865168539,-9.01,0.15730337078651685,-25.036926053503535,0.27247191011235955,-8.24,0.21629213483146068,2597.17,-0.9413669494103196,0.6404494382022472,0.31647940074906367
130,GPN,"Global Payments, Inc.",187.52,-11.0886056725184,0.03932584269662921,-2.2,0.7598314606741573,-7.77,0.20926966292134833,-23.330078946926044,0.3230337078651685,-8.73,0.19382022471910113,202.0,-0.9283168316831684,0.6769662921348315,0.36704119850187267
131,GWW,W.W. Grainger Inc.,448.31,-129.4383818779159,0.008426966292134831,-12.95,0.199438202247191,-2.0,0.7162921348314607,-18.038526272001295,0.43539325842696625,-2.2,0.7457865168539325,440.72,-1.017221818841895,0.40449438202247195,0.41830524344569286
132,HAL,Halliburton Co.,22.67,0.49574244664642214,0.6713483146067416,-3.98,0.5308988764044944,-1.62,0.7893258426966292,-13.11555605927828,0.646067415730337,-2.17,0.75,18.35,-1.2354223433242506,0.07303370786516854,0.5767790262172284
133,HBAN,"Huntington Bancshares, Inc.",14.28,-0.7460558953387361,0.2752808988764045,-1.37,0.8988764044943821,-2.89,0.6053370786516854,-9.147874686174795,0.8370786516853933,-2.83,0.6573033707865169,14.0,-1.02,0.39325842696629215,0.611189138576779
134,HBI,Hanesbrands Inc,18.46,-0.11996718263322691,0.5112359550561798,-13.78,0.1853932584269663,-0.9827,0.9157303370786516,-34.20438319178324,0.1348314606741573,-1.42,0.8820224719101124,20.4,-0.9049019607843138,0.7724719101123596,0.5669475655430711
135,HCA,HCA Healthcare Inc,205.93,-0.29536408444401036,0.4129213483146067,-281.0,0.01404494382022472,-1.3,0.8511235955056179,-9.098728168191457,0.8426966292134831,-1.93,0.7837078651685393,207.1,-0.9943505552873009,0.4803370786516854,0.5641385767790262
136,HD,"Home Depot, Inc.",318.22,-0.643601417733529,0.3202247191011236,-197.14,0.019662921348314606,-2.41,0.6643258426966292,-15.35594353178225,0.550561797752809,-2.66,0.6825842696629213,333.0,-0.9556156156156157,0.5926966292134831,0.4716760299625468
137,HES,Hess Corporation,86.2,0.7598085848999011,0.7247191011235955,-4.83,0.4480337078651685,-5.34,0.34129213483146065,-14.174100973267771,0.5870786516853933,-6.51,0.2752808988764045,77.28,-1.115424430641822,0.1910112359550562,0.42790262172284643
138,HFC,HollyFrontier Corp,32.52,-0.2115358993222007,0.4438202247191011,-1.04,0.9691011235955057,-0.4842,0.9719101123595506,-8.548328440343315,0.8679775280898876,-0.66,0.9606741573033708,37.0,-0.878918918918919,0.8679775280898876,0.8469101123595506
139,HOLX,"Hologic, Inc.",68.85,-0.02856195624490755,0.601123595505618,-4.74,0.4648876404494382,-3.34,0.5365168539325843,-6.656799205999578,0.9578651685393258,-3.64,0.5575842696629213,88.42,-0.7786699841664781,0.9915730337078652,0.6849250936329588
140,HON,Honeywell International Inc,215.94,1.354332163944,0.7921348314606742,-8.71,0.27247191011235955,-4.72,0.39325842696629215,-24.258451088334237,0.29213483146067415,-4.89,0.4297752808988764,233.35,-0.925391043496893,0.6910112359550561,0.47846441947565543
141,HPE,Hewlett Packard Enterprise Co,14.534,-0.015107151373311792,0.6151685393258427,-1.18,0.9480337078651685,-0.7032,0.9466292134831461,-12.893434031087606,0.6544943820224719,-1.1,0.925561797752809,16.34,-0.8894736842105264,0.8230337078651685,0.8188202247191011
142,HPQ,HP Inc,30.14,-0.2778646147506151,0.42134831460674155,-11.02,0.22752808988764045,-0.5964,0.9606741573033708,-7.713457242553942,0.9044943820224719,-0.6484,0.9634831460674157,29.08,-1.0364511691884457,0.34269662921348315,0.6367041198501873
143,HRB,H&R Block Inc.,23.34,-0.000995723211957501,0.6544943820224719,-12.02,0.21348314606741575,-1.24,0.8707865168539325,-5.283219997639003,0.9691011235955057,-1.5,0.8693820224719101,23.0,-1.0147826086956522,0.4157303370786517,0.665496254681648
144,HRL,Hormel Foods Corp.,47.53,6.385438015448674,0.9550561797752809,-4.05,0.5140449438202247,-2.65,0.6320224719101124,-20.24141081682263,0.37640449438202245,-2.65,0.6867977528089888,50.0,-0.9506,0.6151685393258427,0.6299157303370787
145,HST,Host Hotels & Resorts Inc,16.91,-0.06374000945413541,0.553370786516854,-2.05,0.7724719101123596,-12.97,0.0955056179775281,-33.07134748578497,0.14606741573033707,-16.39,0.08426966292134833,15.2,-1.1125,0.19662921348314608,0.30805243445692887
146,HSY,Hershey Company,171.92,-0.9859649312264587,0.22752808988764045,-16.3,0.1544943820224719,-4.32,0.4269662921348315,-17.647272715274152,0.45224719101123595,-4.79,0.4452247191011236,163.39,-1.0522063773792767,0.3033707865168539,0.33497191011235955
147,HUM,Humana Inc.,442.26,-0.3625508846762609,0.38764044943820225,-4.05,0.5140449438202247,-0.7435,0.9382022471910112,-11.359826468330876,0.7275280898876404,-0.8267,0.9410112359550561,491.12,-0.9005131128848346,0.7893258426966292,0.7162921348314606
148,HWM,Howmet Aerospace Inc,33.67,1.608782360440014,0.8117977528089888,-4.28,0.49719101123595505,-4.68,0.40449438202247195,-23.037353086683567,0.3370786516853933,-5.69,0.3707865168539326,33.44,-1.0068779904306222,0.4438202247191011,0.47752808988764045
149,IFF,International Flavors & Fragrances Inc.,148.75,3.014607221535508,0.8848314606741573,-1.74,0.827247191011236,-6.2,0.26685393258426965,-69.77308530730988,0.04213483146067416,-8.09,0.22471910112359553,151.4,-0.9824966974900924,0.5280898876404494,0.462312734082397
150,ILMN,Illumina Inc,479.51,3.5296262741456474,0.9157303370786516,-14.78,0.17696629213483145,-20.52,0.04213483146067416,-115.61956679672544,0.019662921348314606,-19.78,0.050561797752808994,388.76,-1.2334345097232227,0.07584269662921347,0.21348314606741572
151,INCY,Incyte Corp.,84.7,-0.1792790792217988,0.46348314606741575,-6.9,0.3398876404494382,-7.19,0.22752808988764045,-27.13588813953707,0.22752808988764045,-6.45,0.28792134831460675,94.56,-0.8957275803722504,0.8117977528089888,0.3930243445692884
152,INFO,IHS Markit Ltd,112.72,3.64823248721004,0.9213483146067416,-5.42,0.4129213483146067,-10.97,0.12078651685393259,-29.493504873066357,0.1910112359550562,-12.18,0.12640449438202248,95.93,-1.1750234546023142,0.12359550561797754,0.3160112359550562
153,INTC,Intel Corp.,56.76,0.9468987328096788,0.7415730337078652,-3.01,0.6376404494382022,-3.09,0.5646067415730337,-6.868890174299608,0.9438202247191012,-3.21,0.6067415730337078,63.88,-0.8885410144020037,0.8258426966292134,0.7200374531835205
154,INTU,Intuit Inc,491.25,-1.1676185395628946,0.20786516853932585,-14.04,0.18258426966292135,-15.15,0.07303370786516854,-48.30034015696088,0.07584269662921347,-15.39,0.09269662921348315,483.72,-1.0155668568593401,0.4129213483146067,0.1741573033707865
155,IP,International Paper Co.,60.7,-0.518963988497068,0.3398876404494382,-3.07,0.6292134831460674,-1.15,0.8932584269662921,-11.077508312667264,0.7415730337078652,-1.67,0.8328651685393258,53.21,-1.1407630144709642,0.1544943820224719,0.5985486891385767
156,IPG,"Interpublic Group Of Cos., Inc.",31.78,0.8424974040870084,0.7303370786516854,-4.39,0.49438202247191015,-1.5,0.8103932584269663,-9.661255628972702,0.8089887640449439,-1.59,0.8553370786516854,28.0,-1.135,0.1601123595505618,0.6432584269662922
157,IQV,IQVIA Holdings Inc,244.19,-1.2273460566162866,0.19662921348314608,-8.21,0.2893258426966292,-4.0,0.45224719101123595,-25.587676779073,0.2612359550561798,-4.88,0.43258426966292135,231.9,-1.0529969814575248,0.2949438202247191,0.3211610486891386
158,IR,Ingersoll-Rand Inc,48.55,-1.4556939528285655,0.17977528089887643,-2.4,0.7205056179775281,-3.84,0.47050561797752805,-35.721322723495554,0.1151685393258427,-4.28,0.5028089887640449,51.13,-0.9495403872481908,0.6235955056179775,0.4353932584269663
159,ISRG,Intuitive Surgical Inc,920.71,5.907487148239409,0.949438202247191,-10.86,0.23314606741573032,-24.79,0.02808988764044944,-69.23828815086249,0.04494382022471911,-23.61,0.030898876404494385,792.0,-1.1625126262626264,0.13202247191011235,0.23642322097378277
160,IT,"Gartner, Inc.",243.14,-2.355666991889949,0.12359550561797754,-23.74,0.10393258426966293,-5.01,0.36235955056179775,-26.587928688589056,0.24157303370786518,-5.49,0.398876404494382,201.03,-1.2094712232005174,0.0955056179775281,0.2209737827715356
161,IVZ,Invesco Ltd,26.53,-0.3831423157482279,0.3820224719101124,-0.8633,0.9831460674157303,-2.09,0.702247191011236,-12.931477629421465,0.651685393258427,-3.05,0.6235955056179775,17.71,-1.4980237154150198,0.011235955056179777,0.5589887640449438
162,JBHT,"J.B. Hunt Transport Services, Inc.",161.62,-3.1028801838980966,0.10112359550561799,-6.47,0.35674157303370785,-1.71,0.776685393258427,-13.838915084013102,0.6095505617977528,-1.85,0.8033707865168539,164.14,-0.9846472523455588,0.5224719101123596,0.5283239700374532
163,JCI,Johnson Controls International plc,68.38,0.6187763939463077,0.6938202247191012,-2.87,0.6629213483146067,-2.22,0.6825842696629213,-16.755750992969574,0.5,-2.51,0.7078651685393258,64.0,-1.0684375,0.26685393258426965,0.5856741573033708
164,JNJ,Johnson & Johnson,164.07,2.514509741641674,0.8511235955056179,-6.64,0.34831460674157305,-5.34,0.34129213483146065,-15.809553192420767,0.5196629213483146,-5.34,0.40449438202247195,185.32,-0.8853334772285776,0.8455056179775281,0.5517322097378277
165,JNPR,Juniper Networks Inc,27.61,1.2222819534281815,0.7724719101123596,-2.12,0.7696629213483146,-2.06,0.7050561797752809,-14.918854036497583,0.5646067415730337,-2.1,0.7598314606741573,27.93,-0.9885427855352668,0.5056179775280899,0.6795411985018727
166,JPM,JPMorgan Chase & Co.,154.14,-0.294082962595906,0.4157303370786517,-1.89,0.7963483146067416,-3.75,0.48455056179775285,-7.969698913989765,0.896067415730337,-3.63,0.5617977528089887,159.24,-0.9679728711379049,0.5730337078651685,0.6212546816479401
167,K,Kellogg Co,63.94,-0.7454674896738419,0.27808988764044945,-7.12,0.33146067415730335,-1.6,0.7949438202247191,-12.88876189187178,0.6573033707865169,-2.2,0.7457865168539325,72.0,-0.8880555555555555,0.8314606741573034,0.6065074906367041
168,KEY,Keycorp,20.52,-0.4176072945758997,0.3707865168539326,-1.29,0.9185393258426966,-2.84,0.6109550561797753,-8.871837751248277,0.8595505617977528,-2.77,0.6657303370786516,25.05,-0.8191616766467066,0.9719101123595506,0.7329119850187266
169,KEYS,Keysight Technologies Inc,155.8,-1.3160617489786308,0.18820224719101122,-8.3,0.28370786516853935,-6.5,0.2556179775280899,-23.94397549683098,0.300561797752809,-6.18,0.3202247191011236,145.35,-1.0718954248366015,0.2584269662921348,0.26779026217228463
170,KHC,Kraft Heinz Co,40.58,1.2949396527914547,0.7837078651685393,-1.0278,0.9719101123595506,-1.89,0.7457865168539325,-10.847770536126394,0.7584269662921348,-2.94,0.6390449438202247,40.8,-0.9946078431372549,0.47752808988764045,0.7294007490636704
171,KIM,Kimco Realty Corp.,20.805,-0.04330937212758712,0.5842696629213483,-1.6,0.8679775280898876,-8.9,0.16292134831460675,-19.831323293827936,0.39325842696629215,-12.74,0.11797752808988765,16.11,-1.2914338919925512,0.03651685393258427,0.3604868913857678
172,KMB,Kimberly-Clark Corp.,132.54,7.728235243985032,0.9634831460674157,-89.67,0.030898876404494385,-2.41,0.6643258426966292,-13.55036560151749,0.6235955056179775,-2.84,0.6544943820224719,147.2,-0.9004076086956522,0.7921348314606742,0.6214887640449438
173,KMI,Kinder Morgan Inc,17.86,-0.6081831449683075,0.3342696629213483,-1.31,0.9129213483146067,-3.0,0.5800561797752809,-10.435583470886748,0.7837078651685393,-5.32,0.40870786516853935,17.0,-1.0505882352941176,0.3061797752808989,0.5543071161048689
174,KO,Coca-Cola Co,53.87,1.15733797402287,0.7612359550561797,-11.54,0.21910112359550563,-7.0,0.2359550561797753,-21.305491004940183,0.35674157303370785,-8.26,0.21348314606741575,60.86,-0.8851462372658561,0.848314606741573,0.4391385767790262
175,KR,Kroger Co.,38.85,-0.1945439067117166,0.44943820224719105,-3.2,0.6165730337078652,-0.231,0.9915730337078652,-7.425945699415877,0.9297752808988764,-0.3132,0.9943820224719101,35.8,-1.085195530726257,0.23314606741573032,0.7024812734082397
176,KSS,Kohl`s Corp.,54.28,-0.06324649255315562,0.5561797752808989,-1.69,0.8497191011235955,-0.5004,0.9691011235955057,-6.781469930190892,0.952247191011236,-0.6257,0.9691011235955057,40.5,-1.3402469135802468,0.030898876404494385,0.7212078651685394
177,KSU,Kansas City Southern,284.84,-3.757782399128863,0.08707865168539326,-6.1,0.37640449438202245,-10.28,0.14606741573033707,-20.76208923964996,0.3679775280898876,-11.65,0.13202247191011235,247.96,-1.1487336667204386,0.14325842696629212,0.2088014981273408
178,LB,L Brands Inc,71.21,-0.04679323829017176,0.5758426966292135,-37.59,0.06179775280898877,-1.5,0.8103932584269663,-7.339070196151042,0.9325842696629213,-1.72,0.8258426966292134,55.75,-1.2773094170403587,0.05337078651685394,0.5433052434456929
179,LEN,Lennar Corp.,99.23,-0.18278611421015173,0.4606741573033708,-1.65,0.8553370786516854,-1.35,0.8342696629213484,-9.612123661024585,0.8146067415730337,-1.5,0.8693820224719101,101.15,-0.9810182896688087,0.5337078651685393,0.727996254681648
180,LH,Laboratory Corp. Of America Holdings,276.05,-0.014231319591039,0.6179775280898876,-2.65,0.6882022471910112,-1.76,0.7724719101123596,-7.434786606606175,0.9241573033707866,-2.02,0.7696629213483146,266.76,-1.0348253111411008,0.34831460674157305,0.6867977528089888
181,LHX,L3Harris Technologies Inc,215.26,17.78779500341884,0.9915730337078652,-2.23,0.7514044943820225,-2.49,0.6530898876404494,-17.582022772289562,0.4550561797752809,-2.86,0.651685393258427,234.0,-0.9199145299145298,0.7162921348314607,0.7031835205992509
182,LIN,Linde Plc,290.36,-1.97898576298595,0.14044943820224717,-3.36,0.5969101123595506,-5.47,0.3300561797752809,-17.954936488088386,0.43820224719101125,-5.91,0.34269662921348315,226.43,-1.282338912688248,0.04775280898876405,0.3160112359550562
183,LKQ,LKQ Corp,49.05,-0.6537966246273763,0.31179775280898875,-2.57,0.6980337078651685,-1.24,0.8707865168539325,-11.54098524170079,0.7162921348314607,-1.48,0.8764044943820225,36.0,-1.3624999999999998,0.02808988764044944,0.5835674157303371
184,LMT,Lockheed Martin Corp.,373.31,-1.2532219495437458,0.19382022471910113,-17.34,0.14887640449438203,-1.6,0.7949438202247191,-11.262280504188492,0.7359550561797752,-1.8,0.8103932584269663,444.0,-0.8407882882882883,0.949438202247191,0.6055711610486891
185,LNC,Lincoln National Corp.,62.26,-18.355969448037275,0.022471910112359553,-0.6395,0.9943820224719101,-0.664,0.9550561797752809,-15.728587061443125,0.5280898876404494,-0.665,0.9578651685393258,62.8,-0.9914012738853504,0.4887640449438202,0.6577715355805244
186,LNT,Alliant Energy Corp.,55.74,14.726724094725817,0.9831460674157303,-2.51,0.7078651685393258,-4.3,0.4339887640449438,-15.430630846785144,0.5421348314606742,-6.48,0.28089887640449435,58.1,-0.9593803786574872,0.5814606741573034,0.588249063670412
187,LOW,"Lowe`s Cos., Inc.",194.19,-0.3746297947911837,0.3848314606741573,-316.46,0.011235955056179777,-1.46,0.8202247191011236,-12.396722150618574,0.6741573033707866,-1.62,0.8441011235955057,202.8,-0.9575443786982248,0.5898876404494382,0.5540730337078652
188,LUV,Southwest Airlines Co,52.93,-0.04638301019175602,0.5786516853932584,-3.57,0.5561797752808989,-4.67,0.40730337078651685,-5.906032246491892,0.9634831460674157,-4.21,0.5056179775280899,58.88,-0.8989470108695652,0.800561797752809,0.6352996254681648
189,LVS,Las Vegas Sands Corp,51.19,-0.10598485188110013,0.5280898876404494,-15.23,0.17134831460674158,-13.04,0.09269662921348315,-88.27655142875653,0.03651685393258427,-17.83,0.0646067415730337,56.0,-0.9141071428571428,0.7303370786516854,0.2705992509363296
190,LW,Lamb Weston Holdings Inc,79.27,1.00348076444825,0.7471910112359551,-26.84,0.08988764044943821,-3.41,0.5196629213483146,-22.04180027698669,0.3539325842696629,-3.94,0.5224719101123596,94.09,-0.8424912317993409,0.9410112359550561,0.5290262172284644
191,LYB,LyondellBasell Industries NV,102.2499,1.3419965576965975,0.7893258426966292,-3.93,0.5337078651685393,-1.21,0.8834269662921348,-10.26700507065842,0.7893258426966292,-1.67,0.8328651685393258,100.77,-1.0146859184281036,0.41853932584269665,0.7078651685393258
192,LYV,Live Nation Entertainment Inc,88.47,-0.008861545352199,0.6292134831460674,-26.79,0.09269662921348315,-25.16,0.022471910112359553,-17.109168141629596,0.4747191011235955,-28.12,0.01404494382022472,92.94,-0.9519044544867656,0.6095505617977528,0.30711610486891383
193,MA,Mastercard Incorporated,368.0,3.351623151764411,0.8988764044943821,-58.39,0.04494382022471911,-24.1,0.030898876404494385,-42.84833840174546,0.08426966292134833,-23.82,0.02808988764044944,385.66,-0.9542083700668983,0.5983146067415731,0.2808988764044944
194,MAA,"Mid-America Apartment Communities, Inc.",169.79,4.12358785818363,0.9297752808988764,-3.37,0.5912921348314607,-11.74,0.10674157303370788,-25.716120133864965,0.25280898876404495,-14.4,0.10393258426966293,155.9,-1.0890955740859525,0.22752808988764045,0.3686797752808989
195,MAR,"Marriott International, Inc.",135.04,2.61939304877505,0.8595505617977528,-197.74,0.016853932584269662,-5.63,0.31320224719101125,-129.48976625593895,0.016853932584269662,-6.74,0.2556179775280899,130.0,-1.0387692307692307,0.3258426966292135,0.2979868913857678
196,MAS,Masco Corp.,58.14,0.5224992204811505,0.6741573033707866,-904.5,0.008426966292134831,-2.01,0.7134831460674157,-10.83283709960699,0.7612359550561797,-2.29,0.7359550561797752,65.5,-0.8876335877862596,0.8370786516853933,0.6217228464419475
197,MCHP,"Microchip Technology, Inc.",152.82,2.957326944953496,0.8764044943820225,-8.15,0.2949438202247191,-7.78,0.2050561797752809,-25.639331921763134,0.2584269662921348,-9.48,0.17977528089887643,173.12,-0.8827402957486136,0.8567415730337079,0.4452247191011236
198,MCK,Mckesson Corporation,191.78,-0.010181928639241656,0.6264044943820225,-1493.68,0.005617977528089888,-0.128,0.9971910112359551,-7.27727330126272,0.9353932584269663,-0.1354,0.9971910112359551,217.0,-0.883778801843318,0.8511235955056179,0.7354868913857678
199,MDLZ,Mondelez International Inc.,62.34,-8.603115720295994,0.04494382022471911,-3.28,0.6095505617977528,-3.28,0.5435393258426966,-19.744095626881023,0.398876404494382,-4.0,0.5196629213483146,66.9,-0.9318385650224215,0.6629213483146067,0.46324906367041196
200,MDT,Medtronic Plc,124.54,1.312497191774376,0.7865168539325843,-3.44,0.574438202247191,-6.15,0.273876404494382,-33.073270770287486,0.14325842696629212,-6.67,0.2696629213483146,137.01,-0.9089847456390046,0.7556179775280899,0.46722846441947563
201,MET,Metlife Inc,59.48,0.5632497819940149,0.6769662921348315,-0.8258,0.9859550561797752,-0.8336,0.9241573033707866,-10.975572424591677,0.7528089887640449,-0.82,0.9438202247191012,63.9,-0.930829420970266,0.6685393258426966,0.825374531835206
202,MGM,MGM Resorts International,42.2,-0.05397905975672103,0.5646067415730337,-3.4,0.5828651685393258,-4.72,0.39325842696629215,-31.199009381342325,0.16573033707865167,-6.34,0.3089887640449438,33.6,-1.255952380952381,0.06179775280898877,0.3462078651685393
203,MHK,"Mohawk Industries, Inc.",190.36,1.9186921900608525,0.8230337078651685,-1.6,0.8679775280898876,-1.39,0.8286516853932584,-10.412425853080098,0.7865168539325843,-1.52,0.8623595505617978,166.21,-1.145298116840142,0.14887640449438203,0.7195692883895131
204,MKTX,MarketAxess Holdings Inc.,472.35,-1.7764433111067253,0.15168539325842695,-18.71,0.13764044943820225,-25.68,0.019662921348314606,-41.43887429486451,0.0955056179775281,-25.87,0.022471910112359553,553.0,-0.8541591320072334,0.9073033707865169,0.22237827715355807
205,MLM,"Martin Marietta Materials, Inc.",352.42,-1.065142828690376,0.21629213483146068,-3.78,0.5421348314606742,-4.8,0.37359550561797755,-17.065850116524096,0.4803370786516854,-5.31,0.4129213483146067,303.17,-1.1624501104990599,0.1348314606741573,0.3600187265917603
206,MO,Altria Group Inc.,46.78,-0.03367951865603539,0.5983146067415731,-30.47,0.07865168539325842,-3.47,0.5140449438202247,-10.227512132717436,0.7921348314606742,-4.51,0.4719101123595506,51.34,-0.9111803661862096,0.7443820224719101,0.5332397003745318
207,MOS,Mosaic Company,30.79,-0.06630179265611347,0.550561797752809,-1.2,0.9424157303370787,-1.29,0.8581460674157303,-9.833693994732704,0.800561797752809,-1.75,0.8202247191011236,30.0,-1.0263333333333333,0.3792134831460674,0.725187265917603
208,MRO,Marathon Oil Corporation,13.32,-0.01382401284152759,0.6207865168539326,-1.007,0.9747191011235955,-3.39,0.5308988764044944,-13.539675030179458,0.6264044943820225,-4.76,0.44943820224719105,9.26,-1.4384449244060475,0.022471910112359553,0.5374531835205992
209,MS,Morgan Stanley,90.64,-0.2219046993069617,0.43820224719101125,-1.74,0.827247191011236,-2.96,0.5912921348314607,-7.620607397330434,0.9185393258426966,-2.94,0.6390449438202247,80.1,-1.1315855181023722,0.16853932584269665,0.5971441947565543
210,MSFT,Microsoft Corporation,271.4,-1.686706255863891,0.1601123595505618,-15.51,0.1601123595505618,-12.85,0.09831460674157304,-25.677055662094777,0.2556179775280899,-12.36,0.12078651685393259,295.0,-0.9199999999999999,0.7134831460674157,0.25140449438202245
211,MSI,Motorola Solutions Inc,217.0,-3.5970303714225405,0.08988764044943821,-76.35,0.033707865168539325,-4.94,0.3679775280898876,-23.54241551649181,0.3089887640449438,-5.53,0.38764044943820225,214.78,-1.0103361579290437,0.43539325842696625,0.2705992509363296
212,MTB,M & T Bank Corp,145.84,1.569677535411878,0.8089887640449439,-1.24,0.9283707865168539,-3.1,0.5603932584269663,-9.442555727250834,0.8286516853932584,-3.08,0.6179775280898876,158.6,-0.9195460277427491,0.7191011235955057,0.7439138576779026
213,MTD,"Mettler-Toledo International, Inc.",1397.68,-2.2192843642447957,0.12640449438202248,-159.92,0.022471910112359553,-10.36,0.14044943820224717,-38.37727363793023,0.10393258426966293,-10.58,0.15730337078651685,942.0,-1.4837367303609343,0.01404494382022472,0.09410112359550561
214,MU,Micron Technology Inc.,82.9,-0.7602631827677853,0.26685393258426965,-2.4,0.7205056179775281,-4.01,0.44943820224719105,-9.477508562050875,0.8230337078651685,-4.06,0.5140449438202247,101.61,-0.8158645802578487,0.9747191011235955,0.6247659176029963
215,MXIM,"Maxim Integrated Products, Inc.",104.93,12.995548881482023,0.9803370786516854,-13.58,0.19382022471910113,-11.51,0.11797752808988765,-30.742510573821388,0.17415730337078653,-11.0,0.14747191011235955,84.7,-1.2388429752066117,0.06741573033707865,0.28019662921348315
216,NCLH,Norwegian Cruise Line Holdings Ltd,28.91,-0.012120233911331272,0.6235955056179775,-1.48,0.8946629213483146,-176.42,0.005617977528089888,-9.47227650686771,0.8258426966292134,-431.69,0.005617977528089888,25.46,-1.1355066771406126,0.15730337078651685,0.41877340823970033
217,NEE,NextEra Energy Inc,74.09,-2.024955395546432,0.13764044943820225,-4.01,0.5252808988764045,-8.6,0.17134831460674158,-28.75438365926611,0.2050561797752809,-11.6,0.13764044943820225,81.36,-0.9106440511307768,0.7471910112359551,0.3206928838951311
218,NEM,Newmont Corp,62.59,0.7194232078387326,0.7162921348314607,-2.23,0.7514044943820225,-4.45,0.4157303370786517,-9.29847281053311,0.8314606741573034,-4.45,0.48174157303370785,69.18,-0.9047412546978896,0.7752808988764045,0.6619850187265918
219,NKE,"Nike, Inc.",155.96,3.441248917329856,0.9073033707865169,-20.44,0.12640449438202248,-6.44,0.2584269662921348,-49.558109569499024,0.06741573033707865,-6.39,0.29915730337078655,159.6,-0.9771929824561404,0.550561797752809,0.3682116104868914
220,NLSN,Nielsen Holdings plc,24.4,-0.07004129023426771,0.5449438202247191,-3.06,0.6320224719101124,-1.58,0.8033707865168539,-8.496103906583368,0.8707865168539325,-2.63,0.6938202247191012,26.5,-0.920754716981132,0.7078651685393258,0.7088014981273408
221,NOC,Northrop Grumman Corp.,360.16,-0.12735586691684297,0.5,-5.83,0.3820224719101124,-1.7,0.7808988764044943,-12.652323824762544,0.6657303370786516,-1.92,0.7893258426966292,397.1,-0.9069755729035508,0.7696629213483146,0.6479400749063671
222,NOV,NOV Inc,14.8,0.10621895168343981,0.6573033707865169,-1.16,0.952247191011236,-1.1,0.8988764044943821,-23.408871013267383,0.3202247191011236,-1.16,0.9213483146067416,14.65,-1.0102389078498293,0.43820224719101125,0.6980337078651686
223,NOW,ServiceNow Inc,558.68,9.542360865298651,0.9747191011235955,-37.3,0.0646067415730337,-23.69,0.033707865168539325,-180.46345917703053,0.005617977528089888,-23.13,0.03651685393258427,607.6,-0.9194865042791309,0.7219101123595506,0.3061797752808989
224,NSC,Norfolk Southern Corp.,262.07,15.19598255339805,0.9859550561797752,-4.77,0.4550561797752809,-6.84,0.25,-16.991910617340842,0.4859550561797753,-8.28,0.21067415730337077,265.62,-0.9866350425419772,0.5140449438202247,0.4836142322097378
225,NTAP,Netapp Inc,83.04,3.260230411217214,0.8904494382022472,-28.12,0.08707865168539326,-3.3,0.5393258426966292,-14.421693794999246,0.5758426966292135,-2.91,0.6446629213483146,69.5,-1.1948201438848922,0.10112359550561799,0.47308052434456926
226,NTRS,Northern Trust Corp.,114.94,1.286327701128562,0.7808988764044943,-2.37,0.7303370786516854,-3.91,0.4592696629213483,-14.167600010058868,0.5898876404494382,-3.91,0.5280898876404494,108.52,-1.0591596019166973,0.2752808988764045,0.56062734082397
227,NVDA,NVIDIA Corp,801.37,-1.6444462524950454,0.16573033707865167,-26.6,0.0955056179775281,-26.32,0.016853932584269662,-72.37789855325052,0.03932584269662921,-26.61,0.016853932584269662,669.33,-1.197271898764436,0.09831460674157304,0.07209737827715355
228,NWL,Newell Brands Inc,27.0,-0.12314878840972888,0.5056179775280899,-2.98,0.6404494382022472,-1.22,0.8792134831460675,-11.852930539305392,0.6966292134831461,-1.71,0.8286516853932584,24.0,-1.125,0.17696629213483145,0.6212546816479401
229,NWSA,News Corp,25.56,3.0026918693967675,0.8820224719101124,-1.86,0.8033707865168539,-1.71,0.776685393258427,-11.548503955343708,0.7134831460674157,-1.6,0.8497191011235955,28.8,-0.8875,0.8398876404494382,0.8108614232209738
230,O,Realty Income Corp.,67.95,2.304680613241994,0.8426966292134831,-2.2,0.7598314606741573,-15.34,0.07022471910112359,-23.12565186857346,0.33146067415730335,-20.49,0.04494382022471911,74.65,-0.9102478231748158,0.75,0.4665262172284644
231,OKE,Oneok Inc.,55.19,-0.645613828331449,0.3146067415730337,-4.15,0.5028089887640449,-2.65,0.6320224719101124,-13.673071434628756,0.6179775280898876,-4.17,0.5084269662921348,42.31,-1.3044197589222404,0.033707865168539325,0.4349250936329588
232,OMC,"Omnicom Group, Inc.",78.93,0.684019227812875,0.7078651685393258,-5.38,0.41853932584269665,-1.32,0.8455056179775281,-8.369150868503024,0.8764044943820225,-1.41,0.8848314606741573,71.6,-1.102374301675978,0.20786516853932585,0.6568352059925093
233,ORCL,Oracle Corp.,78.11,-0.3469345252801387,0.398876404494382,-42.21,0.05617977528089888,-5.45,0.3342696629213483,-15.021148560298416,0.5589887640449438,-6.5,0.27808988764044945,69.95,-1.1166547533952822,0.18820224719101122,0.30243445692883897
234,ORLY,"O`Reilly Automotive, Inc.",564.94,-0.4190647787571058,0.3651685393258427,-5654.07,0.002808988764044944,-3.36,0.5337078651685393,-14.338398524423202,0.5786516853932584,-3.64,0.5575842696629213,555.06,-1.017799877490722,0.40168539325842695,0.4066011235955056
235,OTIS,Otis Worldwide Corp,82.08,-0.7267572976291934,0.2907303370786517,-9.29,0.2696629213483146,-2.71,0.6235955056179775,-19.82896285854529,0.3960674157303371,-2.98,0.6320224719101124,75.88,-1.0817079599367423,0.24157303370786518,0.4089419475655431
236,PAYC,Paycom Software Inc,373.97,6.181825217895693,0.952247191011236,-31.64,0.07022471910112359,-26.8,0.01404494382022472,-91.13271487615624,0.033707865168539325,-26.03,0.019662921348314606,434.61,-0.8604726076252273,0.8932584269662921,0.33052434456928836
237,PBCT,People`s United Financial Inc,17.2,0.5773406454976264,0.6825842696629213,-1.06,0.9662921348314607,-3.6,0.4929775280898876,-10.632945221802673,0.7752808988764045,-3.5,0.5758426966292135,15.98,-1.0763454317897372,0.25,0.6238295880149812
238,PCAR,Paccar Inc.,88.16,0.6655103586253127,0.7050561797752809,-2.9,0.6488764044943821,-1.6,0.7949438202247191,-9.618350400246214,0.8117977528089888,-1.4,0.8876404494382022,102.35,-0.8613580850024426,0.8904494382022472,0.7897940074906367
239,PEP,PepsiCo Inc,146.96,-6.144237342380823,0.05337078651685394,-15.15,0.17415730337078653,-2.93,0.5955056179775281,-19.061442192925966,0.40730337078651685,-3.51,0.5730337078651685,156.07,-0.9416287563272892,0.6348314606741573,0.40636704119850187
240,PFE,Pfizer Inc.,39.1,0.6633972755306036,0.702247191011236,-3.34,0.601123595505618,-5.13,0.35674157303370785,-17.7099209920773,0.44662921348314605,-5.77,0.35955056179775285,42.5,-0.92,0.7106741573033708,0.5294943820224719
241,PFG,Principal Financial Group Inc,62.96,-0.3491226683845274,0.3960674157303371,-1.11,0.9634831460674157,-1.28,0.8637640449438203,-7.685548719072006,0.9101123595505618,-1.33,0.8988764044943821,53.08,-1.1861341371514695,0.11235955056179776,0.6907771535580525
242,PGR,Progressive Corp.,98.44,-0.11267257758625601,0.5168539325842696,-3.43,0.5786516853932584,-1.33,0.8412921348314607,-6.792700963988516,0.949438202247191,-1.3,0.9044943820224719,97.15,-1.013278435409161,0.4297752808988764,0.7034176029962547
243,PKG,Packaging Corp Of America,135.05,1.0665435674341615,0.7528089887640449,-4.05,0.5140449438202247,-1.91,0.7387640449438203,-11.059684619155993,0.7443820224719101,-2.12,0.7542134831460675,127.83,-1.0564812641789878,0.28370786516853935,0.6313202247191011
244,PKI,"Perkinelmer, Inc.",155.9,-0.0455274968730119,0.5814606741573034,-4.53,0.48314606741573035,-4.04,0.44662921348314605,-11.267992771518585,0.7331460674157303,-4.37,0.49438202247191015,155.8,-1.0006418485237483,0.4578651685393258,0.5327715355805244
245,PLD,Prologis Inc,121.47,2.265307216273476,0.8398876404494382,-2.88,0.6573033707865169,-20.07,0.04494382022471911,-29.41138952649271,0.19382022471910113,-23.55,0.033707865168539325,124.12,-0.9786496938446664,0.5421348314606742,0.3852996254681648
246,PM,Philip Morris International Inc,97.95,-1.447517434900349,0.18258426966292135,-13.72,0.18820224719101122,-5.31,0.3469101123595506,-14.076746701564677,0.5926966292134831,-6.28,0.3146067415730337,97.6,-1.0035860655737705,0.44943820224719105,0.34573970037453183
247,PNC,PNC Financial Services Group,190.47,-0.129816369000975,0.49438202247191015,-1.54,0.8876404494382022,-4.76,0.3792134831460674,-13.244892249909327,0.6348314606741573,-4.8,0.43960674157303375,183.62,-1.0373053044330682,0.3342696629213483,0.5283239700374531
248,PNR,Pentair plc,66.81,-2.4216560991435263,0.11797752808988765,-5.09,0.43258426966292135,-3.6,0.4929775280898876,-19.955280091118514,0.3820224719101124,-3.82,0.5393258426966292,56.27,-1.1873111782477341,0.10955056179775281,0.34573970037453183
249,PNW,Pinnacle West Capital Corp.,81.43,-19.594841300595498,0.019662921348314606,-1.72,0.8342696629213484,-2.65,0.6320224719101124,-11.417394621144473,0.7247191011235955,-4.54,0.46629213483146065,85.27,-0.9549665767561863,0.5955056179775281,0.5454119850187266
250,PPG,"PPG Industries, Inc.",168.57,-20.51915743529939,0.016853932584269662,-7.14,0.32865168539325845,-2.82,0.6151685393258427,-17.743734247900765,0.4438202247191011,-3.16,0.6123595505617978,170.85,-0.9866549604916593,0.5112359550561798,0.4213483146067416
251,PPL,PPL Corp,27.77,-0.157932434711705,0.4747191011235955,-1.89,0.7963483146067416,-3.13,0.553370786516854,-10.712513978284994,0.7696629213483146,-5.52,0.39044943820224715,32.7,-0.8492354740061161,0.9269662921348315,0.6519194756554307
252,PRGO,Perrigo Company plc,46.15,-0.1201912454001343,0.5084269662921348,-1.15,0.9578651685393258,-1.33,0.8412921348314607,-12.403230817255798,0.6713483146067416,-2.05,0.7668539325842697,51.8,-0.890926640926641,0.8174157303370787,0.7605337078651686
253,PRU,Prudential Financial Inc.,101.73,2.1128110456634643,0.8370786516853933,-0.7242,0.9915730337078652,-0.6891,0.949438202247191,-10.740476526716778,0.7668539325842697,-0.68,0.9550561797752809,95.05,-1.0702788006312467,0.2640449438202247,0.7940074906367042
254,PVH,PVH Corp,105.0,-1.1801677754996143,0.20224719101123598,-1.64,0.8595505617977528,-0.984,0.9129213483146067,-16.03903453783496,0.5112359550561798,-1.26,0.9101123595505618,101.0,-1.0396039603960396,0.3230337078651685,0.6198501872659176
255,PXD,Pioneer Natural Resources Co.,158.65,-0.3986263192790571,0.37640449438202245,-2.18,0.7668539325842697,-4.98,0.3651685393258427,-17.105015930922747,0.47752808988764045,-5.59,0.38342696629213485,186.71,-0.8497134593755021,0.9213483146067416,0.5484550561797753
256,QCOM,"Qualcomm, Inc.",142.63,-0.19288202042768213,0.4550561797752809,-21.63,0.10955056179775281,-5.5,0.32162921348314605,-15.421079453989945,0.5449438202247191,-5.5,0.3946629213483146,161.97,-0.8805951719454219,0.8623595505617978,0.44803370786516855
257,QRVO,Qorvo Inc,195.65,-0.2310646546844233,0.43539325842696625,-4.73,0.47050561797752805,-5.5,0.32162921348314605,-15.803260946798256,0.5224719101123596,-5.5,0.3946629213483146,191.91,-1.0194883018081393,0.3960674157303371,0.4234550561797753
258,RCL,Royal Caribbean Group,83.02,-0.001368447314702978,0.6488764044943821,-2.42,0.7106741573033708,-98.82,0.008426966292134831,-13.903600160771004,0.6067415730337078,-173.78,0.008426966292134831,81.1,-1.0236744759556105,0.38764044943820225,0.3951310861423221
259,REG,Regency Centers Corporation,64.4,-3.576305705601385,0.09269662921348315,-1.9,0.7893258426966292,-10.94,0.12359550561797754,-22.721134807789404,0.34550561797752805,-14.33,0.10674157303370788,59.04,-1.0907859078590787,0.22471910112359553,0.2804307116104869
260,REGN,"Regeneron Pharmaceuticals, Inc.",545.98,-0.19376554049186123,0.45224719101123595,-4.83,0.4480337078651685,-6.19,0.2696629213483146,-13.911245329410354,0.6039325842696629,-6.39,0.29915730337078655,649.01,-0.841250520022804,0.9466292134831461,0.5032771535580525
261,RF,Regions Financial Corp.,20.06,-0.7490293813153344,0.27247191011235955,-1.22,0.9339887640449439,-3.0,0.5800561797752809,-8.028924413431282,0.8904494382022472,-3.0,0.6292134831460674,18.38,-1.091403699673558,0.22191011235955055,0.5880149812734082
262,RHI,Robert Half International Inc.,88.47,1.3692329599160373,0.7949438202247191,-8.67,0.2752808988764045,-2.1,0.699438202247191,-26.082870448355077,0.24719101123595508,-1.92,0.7893258426966292,60.44,-1.463765718067505,0.019662921348314606,0.47097378277153557
263,RJF,"Raymond James Financial, Inc.",130.33,-1.5670508593450163,0.17134831460674158,-2.39,0.7275280898876404,-2.13,0.6966292134831461,-12.167168930145625,0.6882022471910112,-2.12,0.7542134831460675,132.4,-0.9843655589123868,0.5252808988764045,0.5938670411985019
264,RMD,Resmed Inc.,246.26,7.076931130999929,0.9606741573033708,-13.68,0.1910112359550562,-11.83,0.10393258426966293,-37.44502435303085,0.10955056179775281,-12.35,0.12359550561797754,225.0,-1.0944888888888888,0.21629213483146068,0.2841760299625468
265,ROK,Rockwell Automation Inc,283.58,-0.1701504515798593,0.46629213483146065,-18.72,0.1348314606741573,-5.47,0.3300561797752809,-26.00405117533342,0.25,-5.62,0.37780898876404495,268.5,-1.0561638733705772,0.28651685393258425,0.30758426966292135
266,ROL,"Rollins, Inc.",34.43,-1.0454163873659252,0.21910112359550563,-17.02,0.15168539325842695,-7.77,0.20926966292134833,-34.44920822308843,0.1292134831460674,-7.62,0.23735955056179775,33.49,-1.0280680800238877,0.3707865168539326,0.21956928838951312
267,ROP,Roper Technologies Inc,467.51,1.2565000343655333,0.7752808988764045,-4.73,0.47050561797752805,-8.82,0.16573033707865167,-27.835430673338188,0.21348314606741575,-10.18,0.16853932584269665,448.98,-1.0412713261169761,0.3202247191011236,0.3522940074906367
268,ROST,"Ross Stores, Inc.",122.17,7.897408988100351,0.9662921348314607,-12.44,0.2050561797752809,-2.89,0.6053370786516854,-23.47165184819579,0.31741573033707865,-2.69,0.6769662921348315,136.95,-0.8920774005111355,0.8146067415730337,0.5976123595505618
269,RSG,"Republic Services, Inc.",109.69,5.820278942502842,0.9466292134831461,-4.04,0.5196629213483146,-3.4,0.5252808988764045,-15.04389872134478,0.5561797752808989,-4.42,0.48735955056179775,108.0,-1.015648148148148,0.4101123595505618,0.5742041198501873
270,SCHW,Charles Schwab Corp.,73.23,4.009993067072484,0.9241573033707866,-3.11,0.6235955056179775,-10.19,0.14887640449438203,-22.665485746925402,0.34831460674157305,-10.07,0.17415730337078653,82.49,-0.8877439689659353,0.8342696629213484,0.5088951310861424
271,SEE,Sealed Air Corp.,58.39,-0.41880041396705575,0.3679775280898876,-89.8,0.02808988764044944,-1.84,0.7542134831460675,-14.318586206973592,0.5814606741573034,-2.58,0.6966292134831461,54.37,-1.0739378333639875,0.2556179775280899,0.4473314606741573
272,SHW,Sherwin-Williams Co.,272.79,3.295285129658407,0.8932584269662921,-24.11,0.10112359550561799,-3.89,0.46629213483146065,-24.056903931645962,0.29775280898876405,-4.42,0.48735955056179775,274.26,-0.9946401225114856,0.4747191011235955,0.45341760299625467
273,SIVB,SVB Financial Group,556.64,-0.3131823840505302,0.40449438202247195,-3.6,0.550561797752809,-6.63,0.25280898876404495,-12.230332804614884,0.6797752808988764,-6.72,0.2584269662921348,493.4,-1.1281718686663964,0.17134831460674158,0.3862359550561798
274,SJM,J.M. Smucker Co.,130.16,-1.1741571771596855,0.2050561797752809,-1.77,0.8188202247191012,-1.81,0.7612359550561797,-10.950923905060762,0.7556179775280899,-2.36,0.7275280898876404,121.59,-1.070482769964635,0.2612359550561798,0.588249063670412
275,SLB,Schlumberger Ltd.,31.88,0.1955286064201146,0.6601123595505618,-3.62,0.547752808988764,-2.2,0.6853932584269663,-14.686434431273335,0.5674157303370787,-2.75,0.6685393258426966,27.1,-1.1763837638376382,0.12078651685393259,0.5416666666666666
276,SLG,SL Green Realty Corp.,80.54,1.1683023451827164,0.7640449438202248,-1.21,0.9382022471910112,-5.88,0.2893258426966292,-22.74674394046003,0.34269662921348315,-10.97,0.15168539325842695,65.87,-1.2227114012448763,0.08426966292134833,0.42837078651685395
277,SNA,"Snap-on, Inc.",219.2,-3.02716315599953,0.10393258426966293,-3.19,0.6207865168539326,-3.0,0.5800561797752809,-11.678023385598182,0.7106741573033708,-3.06,0.6207865168539326,146.0,-1.5013698630136985,0.008426966292134831,0.44077715355805247
278,SNPS,"Synopsys, Inc.",276.2,-0.7973139722533019,0.2584269662921348,-8.6,0.27808988764044945,-10.64,0.1292134831460674,-49.32780842005101,0.07022471910112359,-10.65,0.1544943820224719,306.39,-0.9014654525278241,0.7865168539325843,0.2794943820224719
279,SO,Southern Company,60.46,4.456122762466147,0.9353932584269663,-2.32,0.7387640449438203,-3.08,0.5674157303370787,-12.181251244479734,0.6853932584269663,-5.7,0.36657303370786515,65.91,-0.9173114853588227,0.7275280898876404,0.6701779026217228
280,STE,Steris Plc,206.38,16.6344876612501,0.9887640449438203,-4.76,0.4578651685393258,-5.79,0.29915730337078655,-25.375831610151582,0.2640449438202247,-6.16,0.3230337078651685,226.4,-0.9115724381625441,0.7387640449438203,0.511938202247191
281,STT,State Street Corp.,82.21,-2.938733489930591,0.1151685393258427,-1.26,0.9241573033707866,-2.51,0.6488764044943821,-9.266476753213047,0.8342696629213484,-2.53,0.7050561797752809,82.0,-1.002560975609756,0.45224719101123595,0.6132958801498127
282,STX,Seagate Technology Holdings Plc,87.69,-0.7267572976291934,0.2907303370786517,0.0,1.0,0.0,1.0,-2.973177067318126,0.9943820224719101,-0.3973,0.9915730337078652,84.62,-1.0362798392814936,0.34550561797752805,0.7703651685393258
283,STZ,Constellation Brands Inc,231.44,-0.0013744767666731149,0.646067415730337,-3.3,0.6053370786516854,-4.73,0.3862359550561798,-16.99339398097883,0.48314606741573035,-5.87,0.34831460674157305,246.4,-0.9392857142857143,0.6432584269662921,0.5187265917602997
284,SWK,Stanley Black & Decker Inc,204.48,-0.357114729859704,0.39044943820224715,-3.49,0.5702247191011236,-2.18,0.6882022471910112,-13.648604740294191,0.6207865168539326,-2.38,0.723314606741573,219.97,-0.9295813065418012,0.6713483146067416,0.6107209737827716
285,SWKS,"Skyworks Solutions, Inc.",190.94,-0.4405824264874575,0.35955056179775285,-6.4,0.36235955056179775,-7.16,0.23314606741573032,-19.95819630851447,0.3792134831460674,-6.76,0.25280898876404495,200.96,-0.950139331210191,0.6207865168539326,0.36797752808988765
286,SYF,Synchrony Financial,48.01,0.656120792243523,0.699438202247191,-2.33,0.7359550561797752,-1.79,0.7640449438202248,-9.1293627606954,0.8398876404494382,-1.78,0.8146067415730337,46.31,-1.0367091340963075,0.3398876404494382,0.6989700374531835
287,SYK,Stryker Corp.,260.4,2.002885739268925,0.8258426966292134,-7.49,0.32162921348314605,-6.97,0.2401685393258427,-42.083712060367205,0.08988764044943821,-7.62,0.23735955056179775,266.49,-0.9771473601260834,0.553370786516854,0.3780430711610487
288,SYY,Sysco Corp.,75.69,-1.3610546339644378,0.1853932584269663,-29.07,0.08146067415730338,-0.8915,0.9185393258426966,-35.04404506896841,0.12078651685393259,-1.1,0.925561797752809,89.09,-0.8495903019418565,0.9241573033707866,0.5259831460674157
289,T,"AT&T, Inc.",28.66,-0.7440811507817054,0.28089887640449435,-1.27,0.9213483146067416,-1.24,0.8707865168539325,-7.220758449854168,0.9382022471910112,-2.25,0.7415730337078652,31.4,-0.9127388535031847,0.7331460674157303,0.7476591760299626
290,TAP,Molson Coors Beverage Company,54.42,-0.005653271970227877,0.6320224719101124,-0.9278,0.9803370786516854,-1.23,0.8764044943820225,-7.7118417217342525,0.9073033707865169,-2.0,0.776685393258427,55.6,-0.9787769784172662,0.5393258426966292,0.7853464419475655
291,TDG,Transdigm Group Incorporated,644.59,2.831319263926732,0.8679775280898876,-10.42,0.25,-8.02,0.18820224719101122,-35.268408570993564,0.11797752808988765,-11.66,0.1292134831460674,643.0,-1.0024727838258165,0.4550561797752809,0.3347378277153558
292,TDY,Teledyne Technologies Inc,418.0,20.4910170463869,0.9943820224719101,-4.82,0.45224719101123595,-5.26,0.35252808988764045,-24.360325488101072,0.2893258426966292,-5.07,0.41853932584269665,464.74,-0.8994276369582992,0.797752808988764,0.5507958801498127
293,TEL,TE Connectivity Ltd,135.17,-0.7500698990780453,0.2696629213483146,-4.7,0.4747191011235955,-3.4,0.5252808988764045,-17.450584860899554,0.4578651685393258,-3.67,0.553370786516854,115.1,-1.1743701129452648,0.12640449438202248,0.4012172284644195
294,TFX,Teleflex Incorporated,408.64,1.3976943263951804,0.797752808988764,-5.86,0.3792134831460674,-7.49,0.22191011235955055,-32.45624478025133,0.15168539325842695,-8.56,0.20224719101123598,482.2,-0.847449191206968,0.9297752808988764,0.44709737827715357
295,TGT,Target Corp,241.83,-0.1547593094978503,0.4803370786516854,-8.2,0.29213483146067415,-1.28,0.8637640449438203,-11.683575264084013,0.7050561797752809,-1.32,0.901685393258427,228.72,-1.0573189926547744,0.28089887640449435,0.587312734082397
296,TIF,Tiffany & Co.,131.4618,1.1875533220377525,0.7668539325842697,-5.01,0.43820224719101125,-4.53,0.4129213483146067,-24.481837550430363,0.28370786516853935,-4.59,0.4606741573033708,132.37,-0.9931389287602932,0.4859550561797753,0.4747191011235955
297,TMO,Thermo Fisher Scientific Inc.,508.22,-0.2138443912470868,0.4410112359550562,-5.79,0.3890449438202247,-5.73,0.3089887640449438,-17.220762233678588,0.4719101123595506,-5.9,0.34550561797752805,563.15,-0.9024593802716862,0.7837078651685393,0.45669475655430714
298,TPR,Tapestry Inc,42.16,-0.13356026828790815,0.49157303370786515,-4.12,0.5056179775280899,-2.53,0.646067415730337,-17.695360252020997,0.44943820224719105,-2.56,0.702247191011236,35.7,-1.1809523809523808,0.1151685393258427,0.4850187265917603
299,TRV,Travelers Companies Inc.,149.52,-0.6900937795207702,0.3033707865168539,-1.35,0.9044943820224719,-1.21,0.8834269662921348,-8.885448939650093,0.8567415730337079,-1.19,0.9157303370786516,160.11,-0.9338579726438073,0.6573033707865169,0.7535112359550562
300,TSCO,Tractor Supply Co.,187.02,-0.5055620205592807,0.34550561797752805,-11.51,0.22191011235955055,-1.93,0.7303370786516854,-14.930168330132792,0.5617977528089887,-1.87,0.797752808988764,188.92,-0.989942832945162,0.49438202247191015,0.5252808988764045
301,TSN,"Tyson Foods, Inc.",73.33,-2.0337145382731596,0.1348314606741573,-1.69,0.8497191011235955,-0.6207,0.9578651685393258,-8.443570337480844,0.8735955056179775,-0.8635,0.9325842696629213,83.36,-0.8796785028790787,0.8651685393258427,0.7689606741573034
302,TTWO,"Take-Two Interactive Software, Inc.",178.05,-0.8346773911277295,0.25280898876404495,-6.42,0.35955056179775285,-6.11,0.28089887640449435,-27.002586624186392,0.2303370786516854,-5.4,0.40168539325842695,211.07,-0.8435590088596201,0.9382022471910112,0.41058052434456926
303,TXN,Texas Instruments Inc.,192.89,-1.0988229302584707,0.21067415730337077,-17.5,0.14606741573033707,-11.57,0.1151685393258427,-22.90781698465431,0.3398876404494382,-11.63,0.1348314606741573,197.13,-0.9784913508852026,0.5449438202247191,0.24859550561797752
304,TXT,Textron Inc.,67.57,0.9631041311816446,0.7443820224719101,-2.61,0.6910112359550561,-1.3,0.8511235955056179,-21.098818879312592,0.36235955056179775,-1.46,0.8792134831460675,66.32,-1.0188480096501809,0.398876404494382,0.6544943820224719
305,TYL,"Tyler Technologies, Inc.",455.73,-14.14489534381318,0.033707865168539325,-9.35,0.26685393258426965,-16.91,0.05617977528089888,-92.80710787834646,0.02808988764044944,-16.21,0.08707865168539326,443.75,-1.0269971830985916,0.37640449438202245,0.14138576779026216
306,UAA,Under Armour Inc,21.08,-0.6398339301487626,0.3230337078651685,-5.13,0.4297752808988764,-1.94,0.7275280898876404,-23.586919044072896,0.3033707865168539,-1.8,0.8103932584269663,23.13,-0.9113705144833549,0.7415730337078652,0.5559456928838951
307,UHS,"Universal Health Services, Inc.",146.25,-0.2869132154973164,0.41853932584269665,-1.99,0.7780898876404494,-1.08,0.901685393258427,-8.150362457593058,0.8876404494382022,-1.36,0.8932584269662921,141.84,-1.0310913705583755,0.35955056179775285,0.7064606741573034
308,ULTA,Ulta Beauty Inc,343.6,-2.9663270880818904,0.10955056179775281,-10.48,0.2443820224719101,-2.84,0.6109550561797753,-16.80443519075792,0.49719101123595505,-2.67,0.6797752808988764,349.81,-0.9822475057888569,0.5308988764044944,0.44545880149812733
309,UNH,Unitedhealth Group Inc,398.1,-1.009903470776861,0.22471910112359553,-5.79,0.3890449438202247,-1.45,0.824438202247191,-15.873966595797025,0.5168539325842696,-1.65,0.8370786516853933,417.24,-0.9541271210813921,0.601123595505618,0.5655430711610487
310,UNM,Unum Group,28.18,0.40350950602333585,0.6629213483146067,-0.571,0.9971910112359551,-0.44,0.9775280898876404,-3.7726835723291954,0.9859550561797752,-0.4423,0.9831460674157303,28.5,-0.9887719298245614,0.5028089887640449,0.8515917602996255
311,UNP,Union Pacific Corp.,218.6,2.8665043542042676,0.8707865168539325,-9.37,0.2640449438202247,-7.84,0.20084269662921347,-17.360374252746304,0.46348314606741575,-9.25,0.18258426966292135,220.53,-0.9912483562327121,0.49157303370786515,0.4122191011235955
312,USB,U.S. Bancorp.,56.66,6.642745096051102,0.9578651685393258,-1.9,0.7893258426966292,-3.5,0.5042134831460674,-11.101288979106133,0.7387640449438203,-3.6,0.5646067415730337,58.0,-0.9768965517241379,0.5561797752808989,0.6851591760299626
313,V,Visa Inc,235.86,4.315070634431652,0.9325842696629213,-15.24,0.16853932584269665,-25.08,0.025280898876404497,-36.3251226943041,0.11235955056179776,-24.65,0.025280898876404497,251.25,-0.9387462686567165,0.646067415730337,0.31835205992509363
314,VAR,"Varian Medical Systems, Inc.",177.075,-138.93615218917847,0.005617977528089888,-7.35,0.3258426966292135,-5.31,0.3469101123595506,-31.018057753082502,0.16853932584269665,-5.05,0.42134831460674155,172.65,-1.025629887054735,0.3848314606741573,0.27551498127340823
315,VFC,VF Corp.,81.06,2.0110800686827077,0.8286516853932584,-10.44,0.24719101123595508,-3.5,0.5042134831460674,-38.25789352182658,0.10674157303370788,-3.88,0.5351123595505618,96.24,-0.8422693266832918,0.9438202247191012,0.5276217228464419
316,VIAC,ViacomCBS Inc,44.62,-0.3003225747280272,0.4101123595505618,-1.58,0.875,-1.16,0.8904494382022472,-7.907889759928299,0.901685393258427,-1.64,0.8398876404494382,52.76,-0.8457164518574678,0.9353932584269663,0.8087546816479401
317,VNO,Vornado Realty Trust,46.48,-0.23260111762138255,0.4297752808988764,-1.78,0.8132022471910112,-6.34,0.2640449438202247,-30.59931396166876,0.17696629213483145,-10.27,0.16292134831460675,42.4,-1.0962264150943395,0.21348314606741575,0.3433988764044944
318,VRSK,Verisk Analytics Inc,174.35,-0.8781190535955419,0.24719101123595508,-10.23,0.25280898876404495,-10.0,0.15168539325842695,-21.247352298859465,0.35955056179775285,-11.27,0.14044943820224717,196.5,-0.8872773536895674,0.8426966292134831,0.33239700374531833
319,VRTX,"Vertex Pharmaceuticals, Inc.",196.84,-0.2324135239018651,0.43258426966292135,-5.8,0.3848314606741573,-8.3,0.17415730337078653,-14.669958644695201,0.5730337078651685,-7.23,0.2443820224719101,302.85,-0.6499587254416377,1.0,0.4681647940074906
320,VTR,Ventas Inc,57.86,-2.1867334655765718,0.1292134831460674,-2.2,0.7598314606741573,-6.03,0.28370786516853935,-19.893979498762807,0.3848314606741573,-5.97,0.3370786516853933,53.34,-1.084739407574053,0.2359550561797753,0.35510299625468167
321,VZ,Verizon Communications Inc,55.83,-4.73299121186331,0.06741573033707865,-3.36,0.5969101123595506,-1.9,0.7415730337078652,-8.293203292271563,0.8792134831460675,-3.02,0.6264044943820225,65.36,-0.8541921664626683,0.9044943820224719,0.6360018726591761
322,WAB,Westinghouse Air Brake Technologies Corp,81.35,10.370428539395808,0.9775280898876404,-1.56,0.8834269662921348,-2.14,0.6938202247191012,-18.805953402990003,0.4157303370786517,-2.7,0.672752808988764,96.0,-0.8473958333333332,0.9325842696629213,0.7626404494382022
323,WAT,Waters Corp.,345.08,-1.6808118807898507,0.16292134831460675,-93.76,0.025280898876404497,-8.8,0.16853932584269665,-28.9665535886667,0.199438202247191,-8.9,0.18820224719101122,247.9,-1.3920129084308188,0.025280898876404497,0.12827715355805244
324,WBA,Walgreens Boots Alliance Inc,51.99,-0.645366344070164,0.31741573033707865,-2.2,0.7598314606741573,-0.3401,0.9887640449438203,-42.758313194246355,0.08707865168539326,-0.4391,0.9859550561797752,46.71,-1.1130378933847143,0.19382022471910113,0.5554775280898876
325,WEC,WEC Energy Group Inc,88.99,-2.986221447277729,0.10674157303370788,-2.71,0.6797752808988764,-3.84,0.47050561797752805,-14.675763431829477,0.5702247191011236,-5.62,0.37780898876404495,98.45,-0.9039106145251395,0.7780898876404494,0.49719101123595505
326,WELL,Welltower Inc,83.41,1.1186654913525338,0.7556179775280899,-2.25,0.7457865168539325,-8.2,0.17696629213483145,-34.82606992165262,0.12359550561797754,-8.0,0.2289325842696629,68.34,-1.220515071700322,0.08707865168539326,0.3529962546816479
327,WFC,Wells Fargo & Co.,44.8,0.6451732831357316,0.6966292134831461,-1.15,0.9578651685393258,-2.49,0.6530898876404494,-12.100496729041112,0.6910112359550561,-2.45,0.7162921348314607,37.58,-1.1921234699308143,0.10393258426966293,0.6364700374531835
328,WHR,Whirlpool Corp.,217.83,-0.16922410231605098,0.4691011235955056,-3.2,0.6165730337078652,-0.6642,0.952247191011236,-6.799184633366292,0.9466292134831461,-0.8287,0.9382022471910112,185.1,-1.1768233387358187,0.11797752808988765,0.6734550561797753
329,WM,"Waste Management, Inc.",139.47,5.585560335223756,0.9438202247191012,-7.95,0.29775280898876405,-3.9,0.46348314606741575,-16.873000379906564,0.49157303370786515,-4.6,0.4578651685393258,135.29,-1.0308965925049893,0.36235955056179775,0.502808988764045
330,WMB,Williams Cos Inc,26.14,-0.03731674802371771,0.5955056179775281,-2.73,0.6769662921348315,-3.82,0.4747191011235955,-10.811233448941298,0.7640449438202248,-6.54,0.27247191011235955,27.07,-0.9656446250461765,0.5758426966292135,0.5599250936329588
331,WRK,WestRock Co,52.56,-0.11252544156714979,0.5196629213483146,-1.34,0.9073033707865169,-0.8262,0.9269662921348315,-9.061321667328823,0.8455056179775281,-1.34,0.896067415730337,46.0,-1.142608695652174,0.15168539325842695,0.7078651685393258
332,WU,Western Union Company,23.08,0.475477734286904,0.6685393258426966,-43.2,0.05337078651685394,-1.99,0.7191011235955057,-9.793305038617872,0.8033707865168539,-2.34,0.7331460674157303,24.63,-0.9370686155095411,0.6488764044943821,0.6044007490636705
333,WY,Weyerhaeuser Co.,34.14,-0.0757406787663966,0.5421348314606742,-2.83,0.6657303370786516,-3.1,0.5603932584269663,-11.035462984060954,0.7471910112359551,-3.7,0.547752808988764,37.0,-0.9227027027027027,0.702247191011236,0.6275749063670412
334,WYNN,Wynn Resorts Ltd.,121.64,-0.018611663829789717,0.6095505617977528,-61.93,0.03651685393258427,-7.84,0.20084269662921347,-49.13945106614985,0.07303370786516854,-12.82,0.1151685393258427,108.2,-1.1242144177449167,0.17977528089887643,0.2024812734082397
335,XLNX,"Xilinx, Inc.",139.53,3.322289960770572,0.896067415730337,-11.72,0.21629213483146068,-10.63,0.13202247191011235,-39.58981287884385,0.09831460674157304,-10.12,0.17134831460674158,123.29,-1.1317219563630465,0.16573033707865167,0.27996254681647936
336,XOM,Exxon Mobil Corp.,62.61,-0.05412611228013497,0.5617977528089887,-1.7,0.8412921348314607,-1.48,0.8174157303370787,-14.069561577102094,0.5955056179775281,-1.85,0.8033707865168539,55.73,-1.1234523595908847,0.18258426966292135,0.6336610486891385
337,XRAY,DENTSPLY Sirona Inc,63.24,-0.7120159299539198,0.29775280898876405,-2.9,0.6488764044943821,-4.09,0.4410112359550562,-24.893358418489044,0.27808988764044945,-4.5,0.4747191011235955,61.31,-1.0314793671505464,0.35674157303370785,0.41619850187265917
338,XYL,Xylem Inc,119.23,4.555113564972569,0.9382022471910112,-7.65,0.3089887640449438,-4.36,0.4241573033707865,-28.194121369699094,0.21067415730337077,-4.68,0.4550561797752809,95.03,-1.2546564242870673,0.0646067415730337,0.4002808988764045
339,YUM,Yum Brands Inc.,115.54,-7.150613936367361,0.04775280898876405,-4.4,0.49157303370786515,-5.92,0.28651685393258425,-23.47889084475265,0.3146067415730337,-7.9,0.23314606741573032,123.64,-0.9344872209640893,0.6544943820224719,0.33801498127340823
340,ZBH,Zimmer Biomet Holdings Inc,161.18,-1.2186658999500137,0.199438202247191,-2.74,0.6741573033707866,-4.93,0.3707865168539326,-28.68411922041003,0.20786516853932585,-6.04,0.33146067415730335,184.9,-0.8717144402379665,0.8792134831460675,0.44382022471910115
341,ZBRA,Zebra Technologies Corp.,536.6,-1.7564240747075097,0.1544943820224719,-12.3,0.20786516853932585,-6.12,0.27808988764044945,-31.85694202067761,0.15730337078651685,-6.41,0.2949438202247191,524.89,-1.022309436262836,0.39044943820224715,0.24719101123595505
342,ZION,Zions Bancorporation N.A,52.69,-0.041400452694364834,0.5870786516853933,-1.22,0.9339887640449439,-2.56,0.6432584269662921,-5.363728566205492,0.9662921348314607,-2.57,0.699438202247191,50.5,-1.0433663366336634,0.3146067415730337,0.6907771535580525
343,GME,Gamestop Corporation,210.88,1.748014775718306,0.8174157303370787,-17.97,0.14044943820224717,-3.0,0.5800561797752809,-129.77300637915087,0.01404494382022472,-2.88,0.6488764044943821,16.5,-12.780606060606061,0.002808988764044944,0.3672752808988764
344,MGM,MGM Resorts International,42.2,-0.05429044243825133,0.5589887640449438,-3.4,0.5828651685393258,-4.74,0.3820224719101124,-29.756920135034665,0.1853932584269663,-6.36,0.3047752808988764,32.9,-1.2826747720364744,0.04494382022471911,0.3431647940074906
345,CSIQ,Canadian Solar Inc,47.1,0.5758721798352445,0.6797752808988764,-1.78,0.8132022471910112,-0.7514,0.9325842696629213,-13.183862677419823,0.6404494382022472,-1.29,0.9073033707865169,49.9,-0.9438877755511023,0.6292134831460674,0.7670880149812734
346,SPCE,Virgin Galactic Holdings Inc,47.03,-0.12396736200898202,0.5028089887640449,-26.25,0.09831460674157304,-57375.84,0.002808988764044944,-46.659394778377845,0.08146067415730338,-54474.7,0.002808988764044944,29.84,-1.5760723860589814,0.005617977528089888,0.11563670411985018
347,INTC,Intel Corp.,56.76,0.9227790910898345,0.7387640449438203,-3.05,0.6348314606741573,-3.02,0.5702247191011236,-6.959402182346972,0.9410112359550561,-3.22,0.6025280898876404,64.29,-0.8828744750349975,0.853932584269663,0.7235486891385767
348,BABA,Alibaba Group Holding Ltd,229.4,2.940619584422442,0.8735955056179775,-4.27,0.5,-6.9,0.24719101123595508,-30.811511282161163,0.17134831460674158,-6.13,0.32865168539325845,334.14,-0.6865385766445203,0.9971910112359551,0.5196629213483146
349,SQ,Square Inc,248.88,-30.970142042176462,0.01404494382022472,-46.28,0.050561797752808994,-7.98,0.19382022471910113,-409.0107389069394,0.002808988764044944,-8.2,0.22191011235955055,247.27,-1.0065111012253811,0.44662921348314605,0.1549625468164794
350,TSLA,Tesla Inc,680.76,-0.8155465158020946,0.2556179775280899,-28.98,0.08426966292134833,-19.18,0.04775280898876405,-138.4074276042454,0.011235955056179777,-18.8,0.05337078651685394,655.62,-1.038345382996248,0.32865168539325845,0.1301498127340824
351,FL,Foot Locker Inc,60.53,-0.04932068993447324,0.5730337078651685,-2.25,0.7457865168539325,-0.7438,0.9353932584269663,-4.560948071322603,0.9803370786516854,-0.5362,0.9775280898876404,55.86,-1.0836018617973506,0.23876404494382023,0.7418071161048689
352,NKE,"Nike, Inc.",155.96,3.4959283176133913,0.9129213483146067,-20.98,0.12078651685393259,-6.41,0.2612359550561798,-47.38798094691497,0.07865168539325842,-6.44,0.29213483146067415,163.79,-0.9521948836925332,0.6067415730337078,0.37874531835205993
353,IBM,International Business Machines Corp.,145.55,0.6037345284272528,0.6853932584269663,-6.12,0.37359550561797755,-1.83,0.7584269662921348,-22.524026964866128,0.351123595505618,-2.49,0.7106741573033708,157.0,-0.9270700636942676,0.6853932584269663,0.5941011235955056
354,QCOM,"Qualcomm, Inc.",142.63,-0.18924084285722134,0.4578651685393258,-21.4,0.11235955056179776,-5.63,0.31320224719101125,-15.435897988122688,0.5393258426966292,-5.7,0.36657303370786515,165.39,-0.8623858758086946,0.8876404494382022,0.4461610486891386
355,RKT,Rocket Companies Inc,20.2,-0.7267572976291934,0.2907303370786517,-4.98,0.4410112359550562,-0.1365,0.9943820224719101,-0.22107901933373467,1.0,-0.1334,1.0,24.17,-0.8357467935457178,0.9550561797752809,0.7801966292134832
